swhid,file_id,length,local_path,filename,filepath
swh:1:cnt:00000000195ede05af2fec723f20f85546ba97e9,8b191bf573282e86ad5a2cea5e6a0af9b10e862c,11908,8b,avalara_transaction.rb,spree/avalara_transaction.rb
swh:1:cnt:000000027287f3295a98a5c6a029e59c12ffbe1c,8f64767dcac1a7ac82121efccc05c10882ed3303,82551,8f,264764.json,2017-_Conservative_government/264764.json
swh:1:cnt:0000000aa01a844a2a7b3f9ae02a9595918a2ac0,38596c505e370e977a16a4b34970d9076d1cfafd,1836,38,websockets-0.9.5.0.ebuild,websockets/websockets-0.9.5.0.ebuild
swh:1:cnt:0000000cf0f3021d005008e01b71b5c8312a4432,92b1ab0fe8518166a913523256ffc52338110f53,16342,92,CMakeLists.txt,botcraft/CMakeLists.txt
swh:1:cnt:0000000d15b50a835de56cb0447f1f457a957f80,fe74c83568481baa4fa85990176e817b39f3ddc6,52950,fe,bipartite_graph.py,graphs/bipartite_graph.py
swh:1:cnt:00000013323f9bc97c764cb6aa525b96444dba98,f4f0063f55156171f77954e6493621043533a125,113,f4,Thor.txt,Thor.txt
swh:1:cnt:0000001949abc6917b6b0e05602d3d19c7851c45,fe2b50e476afbe59ecbd649ece568d715c23aca6,1233,fe,Buffer_tell_and_seek.cpp,TEST/Buffer_tell_and_seek.cpp
swh:1:cnt:000000237476d8bd135662ec6b4ad4ba2a6c9497,1d974e6233b1f061ad9f74a03bc59327fe843e53,666,1d,body,"fqnToElement(Project,String)/body"
swh:1:cnt:000000297a681a6aae7b89404eacb444721981c3,e94eed221249f9d012c93050b3fdfae5bfabf0bd,3499,e9,helpers.spec.js,utils/helpers.spec.js
swh:1:cnt:0000002cd1d8782a223be396e0a16ed41ae494d6,2ae94541ced92790d3c19f12777562abc7a4dc12,10652,2a,strategies_controller.rb,controllers/strategies_controller.rb
swh:1:cnt:0000003317146be0f796888dbdcdcf29708089c9,2f1921ad8a7e4cd728d283df75838bc80c3f0039,2497,2f,chronos-dev.json,apps/chronos-dev.json
swh:1:cnt:00000034c67bc78b7b18c5f0ca192a52fbf18a7a,27f22c07839547ed0454f4683fac30e1368251f0,5867,27,node40.html,sun243.htx/node40.html
swh:1:cnt:000000408789272dd7296fde2d299088907d6056,95ff084b9b15085e80ad2f9c4457b1e66dcb43e1,1989,95,tests.py,tests/tests.py
swh:1:cnt:0000004c7a3c6d745d2d24fee64dc5fa10e6b7a0,bc5bf86ae3b0e5315250e4c5c6f15aa59db546ae,6801,bc,AlchemyVisionV1.html,v2.20.1/AlchemyVisionV1.html
swh:1:cnt:0000004d802b6b46fad26636f73edc76b05e10e8,bc31ee66867d3874224af1e9f14464b940f7cdf7,2947,bc,home.nix,fbs-work.local/home.nix
swh:1:cnt:000000511ae025b34755857cd5887788e83bd723,15f663b8f846042e757ba321e26f19ca5c5beda8,10544,15,ServicioClientes.php,Refacciones/ServicioClientes.php
swh:1:cnt:0000005131755f80f1a1b95a4ba4c20fc09f9d18,e579cf348239eb5b8467e4d45f5b7770c5b8d8fb,2389,e5,ReflectionSerializationHelperTest.cs,Serialization/ReflectionSerializationHelperTest.cs
swh:1:cnt:00000058691ea7740b5d2f243822565c94991691,3d4b98467561334dad43396fe10879a28b8d4f4c,40,3d,organization-list.scss,components/organization-list.scss
swh:1:cnt:0000005f3a13bc266ee519c97c20cde9e8d108b6,9913b08e24bbeffcb78f596c1fc0391e05891302,12053,99,1808.xml,tei/1808.xml
swh:1:cnt:00000063400e60582f04566e118600b3f53ee482,085590a18a350e05d1f49693b21d5658a204b306,15129,08,Makefile.in,hppa/Makefile.in
swh:1:cnt:00000068ab3e4bea47eedaec71e7c4eaf4fa892b,7eef4cc7068f4fc0bed94a08a476ad4f9f9e66fb,62647,7e,translation._js,lib/translation._js
swh:1:cnt:000000695f630f57218f079d8bf3eff3801e1c48,08981bbe2953199e2c3f25d7eea5f4954deb10a3,3910,08,8-3-0.json,api/8-3-0.json
swh:1:cnt:0000007915706c6d22b6d1c236cbd52873a41da0,1e959379d30c1d77364300eb5f1e5b6e163a98f1,16146,1e,log.log,log.log
swh:1:cnt:0000008037dcb1467e96ffebf14b08d891f08436,bf61d672b2f83a8b69549409499ddeb225387b7f,14998,bf,pom.xml,org.wso2.carbon.identity.application.authentication.framework/pom.xml
swh:1:cnt:00000088361e027e6eaaba455d6536dbcf21fe4f,a8e053063f0509a157abb11e66856c49de9bb46d,2524,a8,classes.nib,ListLayoutSheet.nib/classes.nib
swh:1:cnt:00000089b91e4198ed4d49c5271c293e0aaf293b,562033af4cb67642e95f721038eda489bd95cfce,11167,56,boulder.geojson,networks/boulder.geojson
swh:1:cnt:0000008ab93327536c511fe91b0161582db8b6b3,7c13a5443e1fa261acc0b35d3ce6c465e5dde395,532,7c,Battle Pet.lua,Mulgore/Battle Pet.lua
swh:1:cnt:0000008e425ee007fa41c22f85c403ad32d06a53,22208a9dc0d0d5e84c6561f32732f826da62c1e1,22951,22,kubernetes-dashboard.json,grafana/kubernetes-dashboard.json
swh:1:cnt:0000008fe9317ecb3336d3d3c7601702fd7d2e3f,fb0695e594a46c19acaf90818371d0ba08792811,20618,fb,mmo.h,common/mmo.h
swh:1:cnt:00000097d32e2e85f9c05ff55fbdd61e39ceebc0,98c49ee6cce7590ff94907562227b728d20c8fec,362,98,tla2sharptla_xbap_md.md,includes/tla2sharptla_xbap_md.md
swh:1:cnt:0000009eafd9e25987a9078932e62163c3794740,535d7579ecd0e44754e20d851d4866f8a110cfa2,6032,53,90fbe8febd13ea,1f/90fbe8febd13ea
swh:1:cnt:000000a09dd69ffa8a81ac72674aafcd3dc5878d,77e13899fc447de7fb103c4953f941cdb4eaf05f,14170,77,VirtualEnv.cs,Project/VirtualEnv.cs
swh:1:cnt:000000a743aa11fcebd1154dbb2dc8a398185673,08f7e19040a4ffce1b31d6f1cd6f4df92e6b3e11,32,08,border_bottom-expected.checksum,box_properties/border_bottom-expected.checksum
swh:1:cnt:000000ae40897dc55d76dccc14da3442135ef5d4,ce41e677a74ca33241016d43718be7a06a221244,28384,ce,index.html,hyerathica-revolution-now-2019-e5-8a-9b-e9-87-8f-e9-87-91-e5-b1-9e/index.html
swh:1:cnt:000000b98827cd74dd4abb0573a71d693425d7eb,28ce6844f0ecf41c480e04b6125c704aaff61dbd,13693,28,CNACU_QTR_FIN.xlsx,Quarterly/CNACU_QTR_FIN.xlsx
swh:1:cnt:000000bb47fab8d1b6ef01188aaa76b28556867b,cd91562ab5b39d8ff5f5e83f8836159ab13f3d88,1032,cd,lc-hotstreams-0.6.70,app-leechcraft/lc-hotstreams-0.6.70
swh:1:cnt:000000bcb3993c18a99a2b95865f22fcf35d3d1c,dd0bc8855505f4c40132599da485d4d0453948b4,62265,dd,val_11.sum,refset/val_11.sum
swh:1:cnt:000000c63542a2d25392957b49b869d603181c59,ff7e4efc90f3b6d98cc74d4149c794539274fe09,131,ff,2017-02-03-6.json.br,03/2017-02-03-6.json.br
swh:1:cnt:000000c7f22ccd000df599eb79c173f4d57fc218,b2e78111226686a3fbe3752610c6ecd6aacb1286,3923,b2,LinearSolverLuBase_D64.java,lu/LinearSolverLuBase_D64.java
swh:1:cnt:000000c97189248a1c08a2d2d2ae0051e09a8983,cb4321b5b4fbae4d12ad9f3b9c541afa053da7c1,25884,cb,php4dll.dsp,php4dll.dsp
swh:1:cnt:000000caa0aefdecfd6a70a12a4856c68425258c,107db789dde3b3d9745c37d8a3d25afea2f87164,1811,10,c6063.md,code-quality/c6063.md
swh:1:cnt:000000cbc2b722a34ce94bfb5b99a39bb23d3fce,3b3e180effdbfc325b5b3a7892093cffc8f0b8e1,683,3b,DroppableMixin.vue,mixins/DroppableMixin.vue
swh:1:cnt:000000cc0782907a05dada51624d4c6772cc63a6,621546ee78b274be92c2259b586e4a6fe31c37f6,556,62,cabal.nix,uuagc/cabal.nix
swh:1:cnt:000000cd245efd96d77bbcb5a329220bc6b0e8df,952bf1bfc4b1fa1bf4baddbcb787c7b018677c61,1919,95,GuiTransferFile.h,src/GuiTransferFile.h
swh:1:cnt:000000cda4502be566f9cad392e63e2e8bce1ea2,ff11b148c49ff2359c0a04e4429b9d362cf9b3e0,446449,ff,index.html,index.html
swh:1:cnt:000000cdc7c809a3acae67bc1ba2f6f13a19bdcf,e4e610da9be6f52fa17a868ca265297ff1b7f4c7,3158,e4,crsp_read_srvprm_by_nextidx.tsql,mssql/crsp_read_srvprm_by_nextidx.tsql
swh:1:cnt:000000ce5ea199e6e928cb38289b6f317c350cbc,f66d019b1b3c700531f7d709615417729e57eb17,1400,f6,ProjectCreateController.java,projectmanagement/ProjectCreateController.java
swh:1:cnt:000000cf7c2ad2c1ee6e210db1c02b5bf15099e0,f2a1b1dc5719a153c76cbb756bc47ea14e61946d,464,f2,MD5-s2615--b2eba4328c06469335d4cfcd4479ef09.log,cca/MD5-s2615--b2eba4328c06469335d4cfcd4479ef09.log
swh:1:cnt:000000d7d40dc27909d1659278e472a62f574863,a6f116a54b6255da99d87079e299bea87a092fb6,9448,a6,CitySelectorComboType.php,Type/CitySelectorComboType.php
swh:1:cnt:000000da1a0c6795f50378ddaf8531c325c57d6c,eb68c0cbce84d5e20958efea2eea62a53012437c,19212,eb,settings.yml,config/settings.yml
swh:1:cnt:000000dd2b40315d8bf6fad71b039023f1a100e8,55eee8a4c6889eaaa682e9aa9eacee8e3c74843c,8559,55,gpInsertUpdate_Movement_Cash.sql,Cash/gpInsertUpdate_Movement_Cash.sql
swh:1:cnt:000000e20456972dc3598213a9a028e8a4d32718,15cecd86a1ef689bcc7942b03dcaf5d67ed809fc,17833,15,parser.ts,internal/parser.ts
swh:1:cnt:000000e7a444221a325993030a70a496d1a5a838,e0eba36591a3fef8aa184d50643db9c24fab93db,1263,e0,rtf2xml-1.33-r1,dev-python/rtf2xml-1.33-r1
swh:1:cnt:000000e7cb04f70bc896068db35f391165bbc095,752801f85305ca2641055d7af3c6aeaef9db124a,67,75,InfoPlist.strings,zh-Hans.lproj/InfoPlist.strings
swh:1:cnt:000000e864900a800fb9333478495034f7c8ceb7,71219c5141439512220924cc03740adb8e9d1370,688,71,latest,eglibc-binary-localedata-gl-es.iso-8859-1/latest
swh:1:cnt:000000eed0103b29299b0d3aa18458c56ba73d02,aa04f570c2308b023c3426a61807921944e17f4f,3370,aa,filebased.pyc,backends/filebased.pyc
swh:1:cnt:000000f6bede3d510d161ad944ea4d68b81f51ac,dcf8b62d9455da779d7a611c3dbb0fbc5b884ea5,469,dc,2018-11-14-Skritt_Forager-Abaddon's_Mouth.csv,14/2018-11-14-Skritt_Forager-Abaddon's_Mouth.csv
swh:1:cnt:000000f989f4e90ca77158df0eb07699c929cfd4,46cfeb153aec13d12eba1c3df80a2a0abaf87122,348,46,somedata16,QCAR/somedata16
swh:1:cnt:00000100e8975ae0f3c61b504ccf42ba290ce74b,714a317fefd0f372c499158bd5231dc509653198,2773,71,ctr_drbg.c,library/ctr_drbg.c
swh:1:cnt:00000107e1c8ef59662831eaaed35b3726d852ed,ca178debd245916ae5ead588d5b2f4a4b48ce361,174,ca,MD5-s659572--47811183ab311f1e7fac2c61351691be.log,b47/MD5-s659572--47811183ab311f1e7fac2c61351691be.log
swh:1:cnt:00000108f416a47350953957de4a487fb6f7462a,6f08689f70f1432edc2ab2b9f1b189afd07935bd,2882383,6f,albums.json,music/albums.json
swh:1:cnt:0000010ab23d70e88314fe0afb3b1df4bd9a1c40,49d937a56c7f1fae8f31204e2c599b291fe488b5,142695,49,MessagesIs.php,messages/MessagesIs.php
swh:1:cnt:0000010dab117cc9a1680e5a64e99cb38f0471e6,d8274f0445c8d917e5d4128caa96729a36fbb67b,7008,d8,ExportImage.cpp,msat/ExportImage.cpp
swh:1:cnt:0000010f6dbb5cd34ec525de0c2eed8acde266d7,8ea534eda6997c9833a69cd7552c3974919550bf,24,8e,9451055.txt,CNN/9451055.txt
swh:1:cnt:0000010f94d64b08d3b6982c7fec2c55dfcad25d,6d4ca2f1cfe7029eed99c3a3a1840a57dc1d44ba,103084,6d,arrays.env,environments/arrays.env
swh:1:cnt:000001118f5f91a3ef3a6caa50cb2b72c1d7c3f0,f85afdbe428d0d3d3b11bb4d52b752e1fccdef92,1248,f8,brokerinfo.sh,testplan/brokerinfo.sh
swh:1:cnt:0000011a175c00df19db726b95836e782891129e,c1b83cc16f38cc1797d0fc5a5f5da29a897b685e,1173,c1,home.scala.html,archives/home.scala.html
swh:1:cnt:0000011d2c961638266ee5f22ec66e3deac7f938,4cf3ff4a043bb8ee498f153ed133aa723aeeae42,217,4c,latest,libuser-locale-vi/latest
swh:1:cnt:00000126169a434b135748a3da3f2978acbda934,8afa0776618404fbdd898a9e02b07717ee4204b7,28656,8a,GroupCreationModal.jsx,modals/GroupCreationModal.jsx
swh:1:cnt:0000012666c5d4fd59e29b9e8afaf33fea7becdf,148dfff77640bea8f45dbfe83d9c128478b2f478,13408,14,MADTHAlertView.m,MyAirtel/MADTHAlertView.m
swh:1:cnt:000001267f2bb8d8f35f80ef1dfc52b00e7826ab,1a1421c3c9b5e46a78c339cc322bb572441cf8b9,1197,1a,CVE-2013-1983,retired/CVE-2013-1983
swh:1:cnt:00000129f5ddb4f0f9c00de84ee11cd59b6eef99,2eccf3cc3b4706d6f3b2102b06549002fd95eb6a,9483,2e,function_declaration_type.rec.ml,structures/function_declaration_type.rec.ml
swh:1:cnt:0000012ccc0e4717373ebfd204d5607df6eeeb72,4d3be657ac4bfc82c9d47e25c5fae49b9c983b9e,1201,4d,kformdesigner_mapbrowser.desktop,mapbrowser/kformdesigner_mapbrowser.desktop
swh:1:cnt:00000135464ac9da85d44dcf9a6a426daf982f58,ffff771c03039c1163eff5e84f6133042402f4a5,25,ff,10481059.txt,CNN/10481059.txt
swh:1:cnt:00000138c8b4ac025d00ab82312a8768b64a58f4,c11b98dd000845083ea2be0f2ff9408fd6ffd770,833,c1,piix.h,src/piix.h
swh:1:cnt:0000013996fb2a0a79d1c8c7b3bdf21af417f370,dfd5e5959b4ee0dc1b7d6ee3612ba77f403c2b93,62,df,35cf90654e89752a54170233b4f45303f30707.egup-stat,db/35cf90654e89752a54170233b4f45303f30707.egup-stat
swh:1:cnt:0000013d8d04cd1e1480e19cfb848963200d5b79,939080a174e8535c3364c4dd14e7ee77338fac90,435045,93,swap.html,thread/swap.html
swh:1:cnt:000001404ac61ec1a375999934d9164dc51954a2,e76e1fb5fda97f8a13c5b4d1f6cf4c36af4c2547,5419,e7,index.source.html,za.co.mmagon.jwebswing.htmlbuilder.css.measurement/index.source.html
swh:1:cnt:0000014209455815f031cdd4439e9f45d153bd0f,e9719daf4c07d7a6c2a4f8458917b4cfe6ba380c,25,e9,8510872.txt,CNN/8510872.txt
swh:1:cnt:000001429368415f273d07a95644555b6b27e0b9,691d54ca096ee1c578d40b9063708913d9985dd4,15297,69,download.wml,en/download.wml
swh:1:cnt:00000147bd1e949109d71da582a716d3d3f82f7d,ffa1f03961e51562fd661b97940562c48d4681bd,4195,ff,index.html,algorithms/index.html
swh:1:cnt:000001499f7c4c48be21d9edcedadd4f47286e37,fe536b8e4d6d38354437796d2421ce6d4d520974,1031,fe,hetzner.rb,support/hetzner.rb
swh:1:cnt:00000149aa88b9839af376a905c8d063da3d9be4,5cf1b50be9b7f13d3a66737af5f3722061120f95,5437,5c,editing.el,config/editing.el
swh:1:cnt:0000014b31833951ea2e8e35708f4c2540ba818e,c116c7646d17ffc10b56c88529b9d6ce0b8686d1,6612,c1,Destination.h,Destination.h
swh:1:cnt:0000014d256b389f431335bf2af3580040df9591,14d08b0efcf3bebb1af5841cc837cefce6f884cf,50941,14,index.html,2/index.html
swh:1:cnt:0000014dcfc411673389c2a7164d77b4312360b7,eada8bc1030bc86408a7ab486c2f94f484fdd021,1407,ea,package.json,aws-sign2/package.json
swh:1:cnt:00000150e34b2424aba4513a9e899e5f0dc5e4e1,9e835e29a7f5b965e3a94173157b2115ce2af7f8,289,9e,URL--https&ac&s&sarchive.org&sdownload&snasa_techdoc_19710025145&snasa_techdoc_19710025145_files.xml.log,02d/URL--https&ac&s&sarchive.org&sdownload&snasa_techdoc_19710025145&snasa_techdoc_19710025145_files.xml.log
swh:1:cnt:000001540387d4a30ec41183638ec2efc9f91d86,38d8e73cb25b0f4eb2d7ab875a978202e716e8bb,42787,38,dietpi-globals,func/dietpi-globals
swh:1:cnt:0000015508320bfff7a29e69af984591c41b1ec0,c3775cdf1161a1a7e0be837112cbfa3488178a03,9809,c3,cfdm.Data.datetime_array.html,attribute/cfdm.Data.datetime_array.html
swh:1:cnt:0000015965515174a3b70f0737bfb9df258f52ac,af9590fbb784f0ad484ad8316f88d23d60902135,922,af,latest.html,latest.html
swh:1:cnt:0000015a7a6ff36602ce5dc01791800e4abafbdc,173b4e0538458558f6bd98b1f3943b75b027fe0f,8088,17,m,m
swh:1:cnt:0000015b36bb41be170e4734e6ae46df87b4ec64,5c6b8da8296491f98f56d827d804da3801b5e5ce,7280,5c,class_f_fmpeg_import_plugin.html,dox/class_f_fmpeg_import_plugin.html
swh:1:cnt:0000015e538e3ecfc2de131bbcf6d8e450e1a8b4,3655b8c3d1b9d93a7165853f2125d2bd93e3a873,7621,36,urls.py,bookwyrm/urls.py
swh:1:cnt:0000015fb3e5338caf680debb639f8b1cf92bc78,5ad25a1f0be262b5b9e61678523f1a8cb18fcc9c,18668,5a,particle_mpm_solver.py,python_scripts/particle_mpm_solver.py
swh:1:cnt:00000165a295ae2f20d3374510f3ba03297b0837,d8057375a950561ac5bf9a20f2e7b5ee5608a373,1179,d8,es_MX.js,l10n/es_MX.js
swh:1:cnt:00000166bba4ad8509f754d58e592f931003b864,4f150b075d3de80a2b237e6938f18ecec554410a,26266,4f,Occurrify.java,op/Occurrify.java
swh:1:cnt:000001678713e9c0ad91070427e83662e0e1a792,fafbb14162ba3d735fa1c182110190d2935804b9,2043,fa,d47fed3d1a961f9a44cac530facb2132,Nov/d47fed3d1a961f9a44cac530facb2132
swh:1:cnt:00000169821e6cd38784831d5b4aeabd4d6d1e60,0fb136f5169d29b983ac0e3bbb36000f1fd035f2,4118,0f,http_tracer.proto.rst.txt,v2/http_tracer.proto.rst.txt
swh:1:cnt:0000016fa05926dc08f8e6e6a5201425f6511351,ba4b3ff930616957f3b45c951949117840b875dd,2622,ba,m,m
swh:1:cnt:0000017b1ab110b406570695ab9e990fe57b9533,c0fef1adbc25d65f89bfbb099af92881ec2dc306,10009,c0,WomenTalkM.1502157111.A.436.html,08/WomenTalkM.1502157111.A.436.html
swh:1:cnt:0000017c767c550c5a78ca38aacd7660e4aa8a1b,85210784a36de77cb59f02ee78b47735d2899563,627,85,Check-Bookshelf.sh,Checks/Check-Bookshelf.sh
swh:1:cnt:0000017d16c185eceee4ce56ecccdb4427bccdbe,7c452528402548e3bae4db8ce17d9f6a027bedbd,60,7c,URL--https&c%%archive.org%download%Is-4eea4e15c59e76260c12098074b56d6e.log,5b0/URL--https&c%%archive.org%download%Is-4eea4e15c59e76260c12098074b56d6e.log
swh:1:cnt:0000017d6440e34d73d932c8f6d7a4c5e685242f,e08a7bf9d61583ce4d8364060751b331f8d319e2,3740,e0,my-addons.less,sections/my-addons.less
swh:1:cnt:0000018005300a86bcedc5a91f34cff3c0b07330,730eea14e5d52c5e3907f44776971e7702a4766d,6677,73,DbgPacker.java,newgui/DbgPacker.java
swh:1:cnt:000001800e778f43ee69e67f3c55b79de05e9c1a,310f0344a4035df2a7d5e087e377172698bb7564,4644,31,data.js,data.js
swh:1:cnt:000001850a4fca0880e5a6550677f187d5dfa2cf,4583cb1164b04ba4a35c6815076460af9961f35f,10522,45,Boy-GirlM.1502855754.A.89F.html,16/Boy-GirlM.1502855754.A.89F.html
swh:1:cnt:0000018730335528f834ce99c76cc62ff2226ca9,cc48f87b2887962d74e214fc17be2550e76f0504,16815,cc,sockets.lua,sockets/sockets.lua
swh:1:cnt:00000187360581d2ac48b9bbe6614619af5a97e3,8c10bb1b6d22009c61a6f47cc297140ff7e4fc76,2699,8c,CheckedOutputStream.java,zip/CheckedOutputStream.java
swh:1:cnt:000001915d5b4cde8b96fb76228729727aa03115,6cc372844f9d2dbed777af19a63c5232a0158d22,7060,6c,Response.html,class-use/Response.html
swh:1:cnt:00000193846bfcc48b9e103121e3d56be8e335cb,867385e9aeb9f61de7d71eaf2bdc7dfc32f9fe21,4502,86,HitTechnique.cs,Combat/HitTechnique.cs
swh:1:cnt:0000019d4173e6145b2845f8261f9d1e29f07ff1,f2b7bebb2533ca2228a90267809b6c859059a521,17483,f2,20140321.csv,datetimes/20140321.csv
swh:1:cnt:000001a04b12d5f71a5bc1d5d681c9a9dd5e1285,5c44467e2f931e7ca8e58575f7fcdfaacf78e2fa,21239,5c,DocumentQuery.cs,Document/DocumentQuery.cs
swh:1:cnt:000001a725fa8102dea4e1f305c9792f4eb6a343,329e8cbeb12fed48b39437535e52ccaa5fd5040b,52,32,u2d,pavucontrol-qt/u2d
swh:1:cnt:000001b35bb84d42fa1decdb543543d68f08be27,649f236ec1defa48503cb872b7a92ade753f40a1,37872,64,InstallGuide.html,Docs/InstallGuide.html
swh:1:cnt:000001b6757bea55e79cb3ba25af0d79763aee4c,ade771435b57f1650faa41d70930ff1f4386dcff,33606,ad,StringIterator.java,pipe/StringIterator.java
swh:1:cnt:000001b71a446fd2b5e6eada122ce052c96a79c5,fd839073882227317a3e4046650f4ccd1adec6da,27432,fd,index.html,이서정류소/index.html
swh:1:cnt:000001b955c33a3e815ace06ee18296b01bb350b,9645124753966a723b71b448155b6dab5ba5d75d,2476,96,SetGridTransform.cpp,SetGridTransform/SetGridTransform.cpp
swh:1:cnt:000001bf34d42a829e20f1cf42c851f53746ad94,3caf99f6a0f2a18b1e36c1bdc11a3967e0d0b2ce,20012,3c,usb.h,hw/usb.h
swh:1:cnt:000001c21c90008d3029f5f30f978307b003c561,aca999041edf1f0f6d32ff729bca64e4e49ad500,9491,ac,EvaluationSourceGenerator.java,engine/EvaluationSourceGenerator.java
swh:1:cnt:000001c56c3c3beaf0d97acab90031504bcbd107,1120a7f385140e8ff0752ab274a2b6870ee426ac,1030,11,package.json,remax/package.json
swh:1:cnt:000001caa25d955d1af598da00261fc79f7cabdd,a12a7489123b5dd3bf3b5edf62fec73406a271b5,3430,a1,customer-summary-step1-create-hosted-control.md,customizer/customer-summary-step1-create-hosted-control.md
swh:1:cnt:000001caab192a56307d22c7822c34bf92a626f2,9323a3cddc697432b6a57e7f234dbd7b72a48680,48024,93,socks_proxy_1d.ipset,socks_proxy_1d.ipset
swh:1:cnt:000001d08f99222b8bedec1020f67a8347e66735,ea6a026d5f1e04bd101d9fd758d213dd66ddb6ba,637,ea,TextArea.jsx,Form/TextArea.jsx
swh:1:cnt:000001d1721f59cbca386d58ac2c73e572d45aba,cdf68f21fdc22de6421f52a9b6011c028a21eeb0,44919,cd,849c76d54f20d664c6fc4083f66e66741a596a,9b/849c76d54f20d664c6fc4083f66e66741a596a
swh:1:cnt:000001d7462046b44e953851d5cf0529d94331ee,9baba2e870608df08b1b0d74ce2801cfb04b0479,8281,9b,CustomApp.md,docs/CustomApp.md
swh:1:cnt:000001d95ea678b597c2f4a4fab10cf8057f9583,0ca21da7b22694dca23283d935410444954a95aa,5391,0c,pom.xml,services-impl/pom.xml
swh:1:cnt:000001e222a5455e765063bb2a6ec003c52df02e,79ad3685d9058eefd4cf97b671029c534abfa4a3,1024,79,lkHeartbeat,lkHeartbeat
swh:1:cnt:000001e4a19859571fb2c60ea8e32d81a9ed3960,c26da606735c48790d706255703ff4ef0931b4c4,1751,c2,using-async-pipe.component.ts,using-async-pipe/using-async-pipe.component.ts
swh:1:cnt:000001e92f3c92764bca02e8c874fc1a78001958,2eddec3d63dd1d19f7ee163f37302ddf34bffab6,1061,2e,DocumentViewModel.cs,Models/DocumentViewModel.cs
swh:1:cnt:000001e9dc8b525fe92ce284d74c9fb37622bbc5,fe1f2c77e18b509e45b3f92676925c67a92753f9,4772,fe,global.xlsx,data/global.xlsx
swh:1:cnt:000001ec12637cad9f0a5702d5fe17e0ee53eaa8,1840ff6eabe20cd671d44633e20c9cb49b31bc03,1762,18,package.json,postgres-interval/package.json
swh:1:cnt:000001edf8f3a09e9b5586fcec4a683a33a72dd5,3c3ce7536f926adcb6dc34e022dceed15adb6e4a,22414,3c,cassandra-faq.md,cosmos-db/cassandra-faq.md
swh:1:cnt:000001ef78199640795bcf97de6fab7b3e72d245,7551f00271ae0488821b54a1de12f618b0dda143,144794,75,585438.json,2019-_Conservative_government/585438.json
swh:1:cnt:000001f1c5505bc3389a3aced177929d96d89c43,390fc2eb517bc93283a4aa70e08da03a667a2861,1390,39,CVE-2016-2326,active/CVE-2016-2326
swh:1:cnt:000001f4c3f7a7c8f5007c29d99d5f0bf3e77e31,cbe5c43c631788dde4671eb27bede51c3e8703c3,9465,cb,erc-notify.elc,erc/erc-notify.elc
swh:1:cnt:000001f63e33bd2d1456bec0dbf4b41c1d1fc102,6b2f851bac646f56c68abd720f402c7f41770a94,5472,6b,search-query-odata-collection-operators.md,search/search-query-odata-collection-operators.md
swh:1:cnt:000001fda3a787e8b193944a134516149b480572,72e8efb36eee10d5918629ca20ecf90d51355229,4472,72,package.json,package.json
swh:1:cnt:00000206ea324396493aeaa53e207f6cb18f21a3,2f4bc4a6f82ca12c1ea8b39f01ef0f03e22aac60,57,2f,body,"property(String,Object)/body"
swh:1:cnt:0000020bb5d285de26952052f81cfe28ad2707d4,77190caf717d5cde1b334bd268296d932d6c99ee,541,77,btc,btc
swh:1:cnt:0000020decb9321029304a2d62b4013a085b2ad3,26e4fd9bad20eb1c3c48cc69d9e832d00b3b55af,22709,26,btreeblock_test.cc,tests/btreeblock_test.cc
swh:1:cnt:0000021cab578c7d09d3325810f423f7ae871f74,3d11f3f7e11d2caedd43d78519b52e3084f22f18,390952,3d,UnrealEngine.cpp,Private/UnrealEngine.cpp
swh:1:cnt:00000223c1152366a6b8afb18af1a9071adbbc14,1b18aa0c507d2ea8ef35e42d3922e187b54ac294,1313,1b,sync.properties.po,sync/sync.properties.po
swh:1:cnt:0000022623575b089b048bab6685c5f04dd7def5,87ee39a164a6c9b36b288dbc0282556665ce8e37,24,87,10351038.txt,CNN/10351038.txt
swh:1:cnt:00000229195ffa7d70442cc582346c47c2415286,df309820ddfd92beaddc523b479044aa6c2c5f76,224,df,7593.json,people/7593.json
swh:1:cnt:00000235551856ecb71bc9c13c9fcbc46c2da2ba,e3c1d6c7ce1934c95df9ba31a66cb10193b7b66a,20743,e3,text_field.dart,material/text_field.dart
swh:1:cnt:000002382c835651550120b291d1e335f21a749e,1119bd0d09bef433ea3b3905ed48eb355fad5745,72873,11,lz4frame.c,lib/lz4frame.c
swh:1:cnt:0000023f90fcf1deafe6d3db557dba73315ba59d,283583c6274b209de8251f3e6b7d06d059d6cd68,6160,28,IFNULL.html,generic/IFNULL.html
swh:1:cnt:0000024096a95392898c53018b4480d5315b3fb8,3fa62dc17419d612304872b15e0dddca9dc0c64f,333,3f,latest,merge-files-dev/latest
swh:1:cnt:00000241f84c4f7a5d507ce82c87b13336afe751,bd45f76de4cab0411a363d36af1af77f51eacc06,1642,bd,pom.xml,identity-mgt/pom.xml
swh:1:cnt:000002442985111c6cc226f621b082d63c719d5c,8fc0c5058db7ca93c980523a762b9a60e2fa33bb,20278,8f,index.html,2015-01-26_03:53:47/index.html
swh:1:cnt:000002444297189a819e6fa6933fe08e631c9633,3d95521212290c80087d3cb6933f81b170d43e36,17,3d,commit.md,01/commit.md
swh:1:cnt:00000246bee166936e575b9048298f70f0f1cb8d,8c5529df98879b06e4bc9bb996c3dc90863534f2,1690,8c,T_Random_45.png.meta,Noise_Gradients/T_Random_45.png.meta
swh:1:cnt:0000024be01e0cf7b32f721b9004112a886dae97,64dfd17268f244b2035e51ecb5a3bbfa4340c64b,4418,64,Audit.md,Audit.md
swh:1:cnt:00000252874b5eedc7959414220cfc25a0c30752,2aec5969633d242a9a9d746a1389a4bdb9e56abb,9034,2a,Gary_the_Gadget_Guy.mw,Gary_the_Gadget_Guy.mw
swh:1:cnt:0000025366d9e95ca2e851e9f7b7dfa5edce418e,bb8801ca230ca0e23972a54c92fad19d8b199b75,32296,bb,index.html,hooks/index.html
swh:1:cnt:000002589ae77cb351c7f87ebaae368a3df8eb14,3247ae3ec5371575ee38669e64a74391cb420b37,52075,32,de.json,locales/de.json
swh:1:cnt:0000025c690c86caedcde2594c930e3933e58b47,483bae8c6ad05c677a5c0682dd1a3dccadf517d2,1338,48,users.lang,en_US/users.lang
swh:1:cnt:0000025e9660d7c4386e75a29d32f6d86315a424,319e84d1477e343841081aabb08e247129c6473d,138796,31,572455.json,2019-_Conservative_government/572455.json
swh:1:cnt:00000264228858f73a003e22cb157df1634519cb,40565d871b807bd6b776226ec044421f4918de05,11635,40,smc_rx.c,smc/smc_rx.c
swh:1:cnt:0000026647258f4f6e7521a3dc16bfcaed035798,a34d4111a2ee2180e009b0ead65d38d85999ef26,39092,a3,TalentFactory.inc.php,factory/TalentFactory.inc.php
swh:1:cnt:0000026c230dded9181375fc62853431ef547bfe,be3a27aa0760236f492fb93eaaa1ec277adaced1,628,be,SelectorButton.wml,SelectorButton/SelectorButton.wml
swh:1:cnt:0000027573a317fa33a9d345d2fdbe8bf0296da3,43c64d63f3f655fe4e78b0aa07634f7e37e921cd,679,43,addFormCadastrarAgenda.php,layout/addFormCadastrarAgenda.php
swh:1:cnt:00000279c66c69d72215fb37cf221dd1a58dd78f,56db4d954dfef0d88eb5cf3aa7785ffafbb493f6,3034,56,token.rb,wongi-engine/token.rb
swh:1:cnt:000002830ab5c79fbfec97e76724dccb588a57ef,98e66886f6dac9560b9749fa9a4a947479c10fab,621,98,Inclusion.java,dl/Inclusion.java
swh:1:cnt:0000028974463bc9c8b3ca565530fb3fc6ba9b99,0d1a463943587343b5fd89832730cca767cbdb9e,13347,0d,dialog.cpp,ksettings/dialog.cpp
swh:1:cnt:0000028c101e4bbe8154da8ebf277287980fb3f8,942e470710b6118accd14249633370552aa110df,54041,94,bigsmp,i386/bigsmp
swh:1:cnt:0000028e0e1f6b08256012186fb0e3134475b89d,a801b5278e2bb00073777b550a4545ec05766582,20283,a8,2018-06-18-clang-trunk-cortex-m0-Oz-r334945-results.csv,06/2018-06-18-clang-trunk-cortex-m0-Oz-r334945-results.csv
swh:1:cnt:00000293aceeb52c06397bbe56d776d103f2d6b9,c9760b6b674bf94d6838754c685d56f49dbe7787,527,c9,latest,kernel-module-nf-conntrack-sip-4.18.14-yocto-standard/latest
swh:1:cnt:00000294529a5edc4d48369ad755068841e08d21,e2cbe01a6f688113c19b9290ad28a91057a66220,4712,e2,Nokia6300.php,Nokia/Nokia6300.php
swh:1:cnt:00000296b1182aadfd8d8bd85590fb9b395b3eae,de862b629d1282ef64feca581fff406f367675f4,3042399,de,iostusdt.csv,iostusdt.csv
swh:1:cnt:0000029de51a3e739be1877037877216ae9d6422,a94b52f44f0c5a3939d31ad888f05f4ae704af58,5189,a9,OkNetUtil.class,util/OkNetUtil.class
swh:1:cnt:000002a0c5bb96e14d6c2a9c1b00920e8894adc9,021fc0e92856f48a6097977df0f20f1ff654a0b2,858,02,DmsStatDoorOpen.java,mib1203/DmsStatDoorOpen.java
swh:1:cnt:000002a1dc14642dacdba50d0c8dde5f6ac2e3a3,c103567c7e7600bbf7beb7c6e2832f13abda6f11,201524,c1,dynamicGraph.js,model/dynamicGraph.js
swh:1:cnt:000002a73379030f777fcac6017bd599ab5c9ce0,9d81438dd397f3eb383c62b5466bacd29933d9d8,780,9d,body,startAppearAnimation()/body
swh:1:cnt:000002ae365964a78a6cee26b4cf0493874bfc8b,b7afc3564b5ede280cb5f098d46be8899ffe9f5b,26088,b7,k6_N10_I39_Fi7_L4_frac1_ff1_45nm.xml,power/k6_N10_I39_Fi7_L4_frac1_ff1_45nm.xml
swh:1:cnt:000002b59ba64a6df0347c0dc2845d357bb81b98,7db0add344dfc977a62a58f89090fb15a9c62497,4618,7d,OS.Unmapper.html,class-use/OS.Unmapper.html
swh:1:cnt:000002b6c1e701f9ba0da2e632a99d2de978855b,ddcef615e01c8f35235ead3bf5e8658602a44ace,7511,dd,CULManager.java,cul/CULManager.java
swh:1:cnt:000002b7a23a5e2f19b4cd56f8c2585243a6740a,3ec6486d3ea2aa43ebea00e2e1a399678eae561f,116,3e,URL--https&ac&s&sarchive.org&sdownload&sgivregtbroad1906&sgivregtbroad1906_files.xml.log,627/URL--https&ac&s&sarchive.org&sdownload&sgivregtbroad1906&sgivregtbroad1906_files.xml.log
swh:1:cnt:000002ba817cb8bf07ec87c236e57a11426d694d,f6e1900e89c3e88ae101fc3d523e442ce75bd991,4339,f6,RandomArrayGenerator.java,util/RandomArrayGenerator.java
swh:1:cnt:000002bdf9f358bd7e866b61b7a2981b08004e04,4d26b1c9051f47bb0e055f16e3914ae4125b8ef6,20220,4d,index.html,gwt-2.0-ms1-with-ivy-dependency-resolution/index.html
swh:1:cnt:000002bfc756c5e4730c6dd6d385728fb1c7aeb4,3b71b7829cf999b6d36e3e272510faec7ee56559,1285,3b,MonDelaysTTDat.h,interface/MonDelaysTTDat.h
swh:1:cnt:000002c4ba957ece0985a87fac96f7c3352964ef,aa786b6f42de090e3c3aeced831d759c2c1f4ce0,23866,aa,Adafruit_SSD1306.cpp,Adafruit_SSD1306.cpp
swh:1:cnt:000002c6e7e988732b04d26476f6010db55c3d4e,a86a9664f4e222f6d7c7135ca2abf8ab101b75de,7293,a8,Set-AzWebSiteGlobalSubscriptionPublishingCredentials.md,latest-2019-04-30/Set-AzWebSiteGlobalSubscriptionPublishingCredentials.md
swh:1:cnt:000002d248c891150d8ce2b595418897fc1d5ddf,14c6ece3beea3d305775f245e2a2d7d57facd5a5,756,14,878306d41a953d6ac8597fdf120db418ff5e7070.yml,www.sabor.hr/878306d41a953d6ac8597fdf120db418ff5e7070.yml
swh:1:cnt:000002d35361914e9c8cd47e512e539cad7f11b7,adc882722487a7d3670baabc083ad7da58a70ef9,3118,ad,01,2014/01
swh:1:cnt:000002d5c80dae90cb4a16f89260264d4a7e0d3b,745ea63ba6fa44787d7dc7c44559344500e3c604,130502,74,320311.json,2019-_Conservative_government/320311.json
swh:1:cnt:000002ddf4e75c087d404e160d095bf2e7987773,eeab4c22e7f9829f36e49db3c2653b467b5d15fd,4848,ee,00690177-em.akn.xml,emend/00690177-em.akn.xml
swh:1:cnt:000002df6bd5031d3405d257dd57a3733bf7eb9d,17fbb37c8e487d0de754f20b4435b854cd4af146,1461,17,setting.ts,src/setting.ts
swh:1:cnt:000002e0569c613781c90b95e9cf97b2ecb9847f,2b3b10a9dce20d43c3e9ba9dd6bbf0756a3c9bcf,15489,2b,router-testing.umd.min.js.map,bundles/router-testing.umd.min.js.map
swh:1:cnt:000002e14c5b5cb16cbb11756b22b2585d584ae5,655c6b18217331d67c151d19c8c22eb8318271fb,25,65,61051046.txt,CNN/61051046.txt
swh:1:cnt:000002e6d460e26f2d57eaf1af271665e76a3cf0,c1ac8e00d229f54649929c613fddfc8e5f53b093,2536,c1,e2e-metrics,e2e-metrics/e2e-metrics
swh:1:cnt:000002f30faf7d03793e4e6b88cbd3fef072357e,2afa65111e016664d0f893067c36fb06611d396c,2569,2a,ip6_ecn.h,netinet6/ip6_ecn.h
swh:1:cnt:000002f6ed1d1c9490164caa67e29bfd7cb63695,52d77622b19a905e72005be259c6644e1026da2a,14,52,commit.txt,commit.txt
swh:1:cnt:000002f991a0e2a41c74cc6a80710dcf8c747916,3b03f844c5367dab4f2f5e74c12db93d3afa43ff,6128,3b,player.c,common/player.c
swh:1:cnt:000002fc1b7a550859c5e0e6d13e577c163dbf24,83e88f1144955a089f8f10cbb9f66a678c16137f,227,83,HRESULT_FROM_WIN32.py,HRESULT_FROM_WIN32.py
swh:1:cnt:000002fd153de6291ad218b196f421365dd2513d,0e623655888635fc1eab6f024b7c8f9637c83bd6,198,0e,copywriting-4x.png,png/copywriting-4x.png
swh:1:cnt:00000306624a01e705b4353603a29674f1360a05,b6c1f9b80cc96e2f626134ff610747026fc869fe,1167,b6,21-42.json,2018-01-06/21-42.json
swh:1:cnt:0000030a38604f4b348995cccd211b1bb9ac5344,d059d3a5b5e46927f1946ae75e1d223c0e0bc885,15082,d0,sync.py,v2_alpha/sync.py
swh:1:cnt:0000030b6eab5a5aec2c45315a5dde37e0c381af,924cec8c8d20f8f14ebae344d50ed31de9a43135,5888,92,ArrayGCTest.java,tctest/ArrayGCTest.java
swh:1:cnt:00000313cdebf76498c3a8fe185468b568bd2205,ea533c7b5bd57a16f821bced09e79603871f0e7a,59396,ea,search.c,back-meta/search.c
swh:1:cnt:00000313e979bd2ada90665df4330c41bc15db2f,54b303f88443191cbfba84f931cb9935ea2ab13d,844,54,level.dat,world/level.dat
swh:1:cnt:00000316569a8407a3737f26595ede4acb2b5e96,4e9c3cb6138791d1904858167b73af782b8753ed,11067,4e,DateParser.java,impl/DateParser.java
swh:1:cnt:0000031a90c57c7b6a89967e10e7db8240e76d37,de4455de201d0b22f47544a78ac9a41bd066edef,596,de,K2Node_CallParentFunction.h,Classes/K2Node_CallParentFunction.h
swh:1:cnt:0000031b00057615fef5b89f4146dea0d727a104,94a348d846931506a351cd7cce1ea54f47cc4740,2558,94,PropertySupport_propertyValues_with_mocks_Test.java,internal/PropertySupport_propertyValues_with_mocks_Test.java
swh:1:cnt:0000031e05804ef76ba5999a1246c46ec47d972c,4e1bb1a12858d4e09c48ca88ea1c58cf7688ca83,7531,4e,onionskinmask.cpp,toonzlib/onionskinmask.cpp
swh:1:cnt:00000320e7d423e226c0981a88853d8f7f063ac1,c1b834c0e2385be92f0aeb76780f40eb5a69193d,1802,c1,global.js,global/global.js
swh:1:cnt:000003212e1924f56310567fee92fc89c4cd6e99,cb80f18d37f38602a7f24c9ac5643b7e6c10e1ba,973,cb,todo_view.coffee,forms/todo_view.coffee
swh:1:cnt:000003215e7866484ac69f8b45b71dbba0fc6db7,c5a03828642661f09297ebb6f9b8b3a01d34d529,22950,c5,index.phtml,users/index.phtml
swh:1:cnt:000003221ec841dc1d244b1dc690caeb23ff66b4,61206be09bf38a9991514fca981af64e48da260b,10666,61,win_conditions.pot,win_conditions/win_conditions.pot
swh:1:cnt:00000323edc979b3078fced3a62a4bc4d9d81972,0579fa33d600406faef7694ea13823206c8b09e3,18057,05,index.html,2/index.html
swh:1:cnt:00000325fc73caf57a9662de157e3cbe3d103e56,99e9cd285bb467c9ef0b9926e62b23230af0f0ee,18,99,README.md,README.md
swh:1:cnt:000003297b4f749f5dae30d3199bdfa090b3b95a,c1dd148ea0f7cd914c1d2eb7616e3d92c67b0c80,27,c1,clock-zoned.json,monitor/clock-zoned.json
swh:1:cnt:0000032b66a223621fa9545c9f1f086f4f4c0f06,77bcaca46e8e4efa52e844295cc6b0de3a3f254d,19999,77,KeyValuePersistentEntity.html,config/KeyValuePersistentEntity.html
swh:1:cnt:0000032c068f4382067c16189d6274d0796341b4,abe1149e8607abeb75972170c40af44cec758bab,1094,ab,my_bot.db,my_bot.db
swh:1:cnt:0000032cf20bbc31bcf814e3b911dc6efec01373,8c3b4bfbef9a0f646e29c43b348b710ca096f55b,2353,8c,PersonOrganizationController.js,PersonOrganization/PersonOrganizationController.js
swh:1:cnt:0000032cfff51ff9122359b151682cd22e56f818,eaf0258eec7ea46392c492e7ec8fa99b68d572c0,709,ea,stack11_bm3d_diagnostic_1_2.75_0_50_half.txt,half_bm3d/stack11_bm3d_diagnostic_1_2.75_0_50_half.txt
swh:1:cnt:0000032ded3dac1bc1f8372076cf0d0395d07618,4c3a67819380c517fa875e5f0d2758900b985d63,163046,4c,addProject.js,order/addProject.js
swh:1:cnt:00000330bfb78e74dc0e5dc10d2b0fa557ca0616,aeedcc5b18c02e30297ea214d69e4f612ab7ac22,16082,ae,virtual-machines-linux-setup-tomcat7-linux.md,virtual-machines/virtual-machines-linux-setup-tomcat7-linux.md
swh:1:cnt:000003323f7d1205fc9d84dcbd8a5e6ccfdfb19f,489bdfb33e7b85de250dafc50a654fdd4593d8c7,218770,48,provinces.po,LC_MESSAGES/provinces.po
swh:1:cnt:00000334f2047789ee3d5bb858fbfa682fede21c,83f3af94ef4625ff09bad7e59413dc9f0b949108,510,83,conanfile.py,adapters_base/conanfile.py
swh:1:cnt:00000341be6aa73f8f96e4d5516e787ee5219306,66552b3b80d1b4d5835952488d65e63d79246aba,165892,66,data.json,ca/data.json
swh:1:cnt:00000344f5052348a42aa2789c761d096adb2b75,b54a91c5134eee47257a00ab80e5e9f96b418251,11877,b5,MavenProject.java,project/MavenProject.java
swh:1:cnt:000003495ec6354c9cef7498eef8b631d21d3f7f,142903314d05126ce0c0c2e1ee548d9ff6c1aba7,31265,14,sab.c,dev/sab.c
swh:1:cnt:000003502079f8aee01e95ab4bd1570371c9bcfd,acbec368b93df261232a20aefd50bd2f37fa6426,68610,ac,CodePrinterTest.java,jscomp/CodePrinterTest.java
swh:1:cnt:000003539f094fe32b731a20a7d458f5ad79d55b,36e1fb64dbff2b2d47694d0e3f9155c225178615,633,36,generate_msvc70_project.bat,win32/generate_msvc70_project.bat
swh:1:cnt:00000353cb747edcde7224e6530e68b206ba9c96,aa3f756ac928e5abb3f0d246cf60df2dd5d4cf25,13449,aa,Morse_theory_based_watershed_transform_module.hpp,Modules/Morse_theory_based_watershed_transform_module.hpp
swh:1:cnt:0000035b5bafef51ddee584a89063e7cf4b3d042,aec4390eb253e012256436d4b79cd2b555c20066,18064,ae,acp_profile.html,style/acp_profile.html
swh:1:cnt:0000035c439371be318223e4b7e880324ece5c7b,06b6d79aa9cba9111ac22da36523a3547bfd501e,1081,06,index.md,index.md
swh:1:cnt:0000035c55f78aec342ff19c06ab37537c024350,285d0bfbaea2ac3272aae41995a47f3df34657c2,225,28,latest,util-linux-locale-gl/latest
swh:1:cnt:0000035eb265bd55083c0ae41da173559f6954eb,892593f29721c8ba542a5e14fdbcec9d479db611,136393,89,bitcoin_nodes_7d.ipset,bitcoin_nodes_7d.ipset
swh:1:cnt:00000360692a0b1e94e5cc75c3aacb88cdf2af21,794fec1cee2253523f8661eea4d624ca4ad2d77b,25873,79,MDRRuleGroupLocalServiceBaseImpl.java,base/MDRRuleGroupLocalServiceBaseImpl.java
swh:1:cnt:00000361552fe8f6ec60aa5fe95bc3bb2dc74044,8b4f08dd4d0397a3aaaabef1d46ce187e25b22bf,19515,8b,Messages.properties.it,util/Messages.properties.it
swh:1:cnt:00000364ab7b54353486e8917a26e7c845f1c517,c3396a1439f849ab056dd5de760f6f651c7fa046,28056,c3,gitfiti,gitfiti
swh:1:cnt:000003675fdee09502a97fe18a6d811d128a168f,daa7e1d16cb947beeac8435c870ececd8293cd28,305,da,build.config,build.config
swh:1:cnt:0000036862f66b7f11e88dbc767daeb0ccb262fd,19fbb45e19113880f1213e85e2906c73cc268276,1723,19,IUsedBikeDetails.cs,Used/IUsedBikeDetails.cs
swh:1:cnt:00000368e45747b9b8f45fcad28ad59eeefac0b2,09dd40959324884431484f173b8e0b55ea2e3eb4,945,09,wt100_092_0.02.dat,0.02/wt100_092_0.02.dat
swh:1:cnt:0000036b7060350f7c2df2fcd31109b03fd8b9a1,93c7864690fbd66c52ce4e533e4f96d544e7f4f0,15070,93,ROKU_news.csv,ROKU/ROKU_news.csv
swh:1:cnt:000003732b32542cb4ff39792c603a6e4f532d46,2c6b2f5cbadd8623f1c5368ef9dc82c5a178319b,2132,2c,CVE-2005-4303.json,4xxx/CVE-2005-4303.json
swh:1:cnt:0000037ddadd230a33eead39f8a097a5d6bf3c87,eaaa494554abd41cb7ccbb184bc8701229e5b9e6,27,ea,519788.txt,519788.txt
swh:1:cnt:00000380723798d93d340ad826c5d7b96cb57536,802a80bd2879e64df1c22776321f9136292b8d04,7611,80,XcmsTekHVCQueryMaxC.man,man/XcmsTekHVCQueryMaxC.man
swh:1:cnt:000003821e1fa7425d5a24ebed3ef165dd560487,17a7fab9a38a10577cdccd4001cd122ac902af8e,2935,17,CVE-2017-9585.json,nvdcve/CVE-2017-9585.json
swh:1:cnt:000003847de41e0b28763de9d0a7ee742ad61aed,171592e7bc88e003c46da1acab0449777b531a04,528,17,Compat.toml,MIPVerify/Compat.toml
swh:1:cnt:000003885bdc8c09456faf4098ec7627e72f81a6,aeccb821fd57f065770273d78b8dab2b63b97b9f,5952,ae,Scalp.java,Common/Scalp.java
swh:1:cnt:00000390c4d3da98414c999a63847e2f474e0726,90e1d7a59d57eaba81c9ffa3aaa982d75d0c7769,41,90,mn.zip,stats/mn.zip
swh:1:cnt:0000039177514939b2ac57ef22fa14828efe3316,c7eb2ef72d35445d947f8a4661ef67de5ce9e306,9060,c7,dayrain.png,dayrain.png
swh:1:cnt:00000391eccd4764264742ee15f1084f7bc68b53,62dd1fc67b69ce0ad8d74aae0cfb1e2fed357215,5122,62,m,m
swh:1:cnt:000003932f6b0aa2e34df4bb306c88c9ab32e8ca,c6da9f7c951f505a65a1d2a16a71534610505758,78,c6,last_update.dat,last_update.dat
swh:1:cnt:00000395c4824255869e8a53982230a8be5590cd,3434dd811a67e0e4e9259125ff65bf37cd2d544b,2546,34,package.json,isobject/package.json
swh:1:cnt:00000396d7a0a3dcfc2daa4fc62108edc33a01a3,6ea0bf93f7a8c67453d1dc469afb3288c594285e,9316,6e,_base.vcx,classes/_base.vcx
swh:1:cnt:0000039d480567acdd159f7bc1bd613ab6e310a6,71387e3e7d731d855d95ea5fb96b717618e5321c,19735,71,SubscriptionNotSupported.html,query/SubscriptionNotSupported.html
swh:1:cnt:000003a3ab7c4c6e2a5117805aa9a78c6ad2b012,26bf38dc21ed9d3089c46cb727f2b045d33d654e,17772,26,mailer._js,lib/mailer._js
swh:1:cnt:000003a726e622e100a92c9ff550fee208310599,7bc3c7f0662cee8e8b10627550fd4bd0ec701ea0,47,7b,QmTjunrzEkXQJtd4NJTcSkTyqYsKpQ8ZpLfbNga879G8eR,ipns/QmTjunrzEkXQJtd4NJTcSkTyqYsKpQ8ZpLfbNga879G8eR
swh:1:cnt:000003a877a03ef2ca7345eeb9f0c1a8c72a2105,a1712c1e46fa54bd4ffdbaad77486f3f367b0cdd,61739,a1,init.lua,GPU/init.lua
swh:1:cnt:000003a8a6ab8be08a7195522f06561d9682135f,4ffec7e064e20fea23cd94c13954837989d85690,26905,4f,2019-01-15.html,daily/2019-01-15.html
swh:1:cnt:000003a9c6eb8ff4f4dd9303d2db4cf2a0163fbb,090e232389f5463958400b81c74e23c989a57f5f,2889,09,dib_int.h,dib/dib_int.h
swh:1:cnt:000003acc9c70bdd418e664e370751012176daeb,d60600bc4c76ca61d8de69ce22fdd08e71855564,84,d6,prebuilt.conf,overlay-daisy/prebuilt.conf
swh:1:cnt:000003b338132d0e49ab36b3214530e8e437b275,7282282e8fc1a698ac0da75efbff839f85d43f7e,2670,72,index.html,index.html
swh:1:cnt:000003b359a0ac9f3475bfd54d783e5207527626,61ddd89369cae6a8654ffe640931d4311b0db42d,4110,61,36831.xml,HGV37/36831.xml
swh:1:cnt:000003b3b7fce26db6b315435bfc60663a137ab8,da0fee40c053e43f0ed41d702a997a783100fc32,3964,da,1168.html,archive/1168.html
swh:1:cnt:000003b55608b419a956c7081a610c77acca9c32,0c1d2e96e12fe1b43cbf5d657ca4959270276c01,20324,0c,index.html,2006-10-20_14:01:17/index.html
swh:1:cnt:000003b7d4ed238bb3497ba7984569168f1e3ea7,863311797647d07d88cd474299bbc9470da60ff6,7380,86,eval.h,libguile/eval.h
swh:1:cnt:000003b84618c5f04a5cd6230d716dfaef0027ad,e570f46396e3f94c64421fc2eb402508dcb634da,13616,e5,rg.nfo,Advanced.URL.Catalog.v2.3.1.0.Multilingual.Incl.Keygen-rG/rg.nfo
swh:1:cnt:000003b8fdcc7f7afba29b2b5ba4be4599d2925b,2c308a9874258b17f3ac12b5e3cefb5e1db25e42,24845,2c,94470d6c641987ae111071e9f7fe798f28abb4d5.xml,ewp.erasmusport.com/94470d6c641987ae111071e9f7fe798f28abb4d5.xml
swh:1:cnt:000003b936bc8b4badb5ef09c1b05ddf3d180735,d915767204129fe5815ef63759f980447740898a,12797,d9,master-only.html,3.5/master-only.html
swh:1:cnt:000003ba93aebef0e5bfbfbc51fa317dd6d0c073,e5ed7cb20130ffd248fcd53ef9c4524afafcf2cc,4760,e5,developers-all-in-one.html.md,uncategorized/developers-all-in-one.html.md
swh:1:cnt:000003be4efd2f67371ab74ded25b792481a9658,aec3bb6eb36f234d6e32cb1e1155e1d46213bd38,2090,ae,static_nigelthorn_(malware).domainset,trail/static_nigelthorn_(malware).domainset
swh:1:cnt:000003c62c989e62e55f030dc1b96810e1c49f0d,9d09a2c2dec4cd1796fb1a2d8e21be6e43f8db3a,299,9d,launcher.yaml,pkgs/launcher.yaml
swh:1:cnt:000003c8af7aee2e9d566125223f3aec9204c1bb,699289554ac26dafcc3d20eef09a2bd4cf388ee2,4335,69,list.py,cli/list.py
swh:1:cnt:000003ca160b02e7940c8cac071b8e3c77489787,2eb79ee96734f934680d47e6d0d0ad90fe9140ec,14550,2e,MergeableProperties.java,utils/MergeableProperties.java
swh:1:cnt:000003d1e76aeaa015d87cfa768c8c2c1e7ec5f6,e9d6b9f461b2d4d0602ea615d3f5e537e1599bc5,2311,e9,patch-src_third__party_mozjs-60_platform_aarch64_freebsd_build_Unified__cpp__js__src21.cpp,aarch64/patch-src_third__party_mozjs-60_platform_aarch64_freebsd_build_Unified__cpp__js__src21.cpp
swh:1:cnt:000003d3048a1c4486bfe8bc03b509b504a4c114,ee442a375a090cfeac2fb864115bc188336f1423,11530,ee,files.html,doxygen/files.html
swh:1:cnt:000003d51fe5409163495be4d43bc1dad293f912,c1401f1b2f375bfdf5b1dd497f90d70880ddfaaa,91776,c1,frame1368.jpg,resized/frame1368.jpg
swh:1:cnt:000003d662cfd9150c64a605560269dc9daa147d,04f79fcea422225e275ad8dc87eff98034f38f9a,8568,04,APIsymbols.html,docs/APIsymbols.html
swh:1:cnt:000003d93cc1a0484346488cf9b7ed01fa94800c,069c1bfa748357a32539cbd5b6cca7684a1747d5,8763,06,MaxBytes.html,values/MaxBytes.html
swh:1:cnt:000003da82e6a98cc1e2a77f34a4c8ff32596fa7,683f107f1336204e10ae4b8828b9e59748b9afcb,16007,68,objecttype.admin.easysdi.php,controller/objecttype.admin.easysdi.php
swh:1:cnt:000003dd0fb87fe31b8c92913837cdd500917c84,f152c8532971d3ab23bd744d19e0415d9a2382e6,29373,f1,p1031.html,http%3A%2F%2Fbbs56.net%2FLBB%2FSite%2FLeaguesite/p1031.html
swh:1:cnt:000003e0c99854f95014402593c52d8a8fee8fcd,c2aacf0d81eecf1211959bf37bb8a5e287baed30,15608,c2,ProblemEditor.mxml,view/ProblemEditor.mxml
swh:1:cnt:000003e1bda1aa60613aeebb63bede7cfe46ccf0,c88cedf0102565c3d11d513a3382d44dd1c26fa3,3893,c8,intune-deviceconfig-androidcustomconfiguration-list.md,api/intune-deviceconfig-androidcustomconfiguration-list.md
swh:1:cnt:000003e5a908293fcb620f69898f11b803516a7d,a2e23968367636fab03dd4841c46c159b3bbcdde,162649,a2,hosts,INACTIVE/hosts
swh:1:cnt:000003e661bbcb1a09356967f7b7822c27ebbebb,c61d3ea733ceb0c3294e59cf1fa78403566990fd,2224834,c6,accelerated-domains.china.conf,accelerated-domains.china.conf
swh:1:cnt:000003ea9dee92fd41600fdce3eda30f5afd94ae,19977f8f1ffb7e224e7c28ba1b6e4a9712d63f93,49201,19,style.css,twentytwelve-child/style.css
swh:1:cnt:000003eafed327226896e6db96530d3116d996a0,7a04905104a3abd415441984bea8a96e3b39693a,4646,7a,data.json,data.json
swh:1:cnt:000003eddcf564396719d42c1d7b6d721086c087,bb76de9d32be2987b869e9115635ab919f402bfd,2899,bb,08768.png,00015/08768.png
swh:1:cnt:000003eebf273689c9b4baa5894245b5741dfe5c,21a3ec3d6c00c2c722f7bcb427fbe10917e64f29,696,21,URL--https&ac&s&sarchive.org&sdownload&sHackerMonthly17&sHackerMonthly17_files.xml.log,9f4/URL--https&ac&s&sarchive.org&sdownload&sHackerMonthly17&sHackerMonthly17_files.xml.log
swh:1:cnt:000003f08d5650f4cd5a418127fe8154cc73f518,449c35146c5eaec489ab6a7396474a52e7d4c81e,1814,44,house-selection-item.scss,house-selection-item/house-selection-item.scss
swh:1:cnt:000003f2be560aee8aa020ae40bbebcb54d6cc65,51af7695b1abbfe51f528e2af15cee17d92f2081,593,51,Pylint-bad-classmethod-argument.md,Pylint-bad-classmethod-argument.md
swh:1:cnt:000003f3206567d4fc729bcd2e78ec0f2b34347a,40258def5dcaadbf3037e9e398824cbf6010f553,557,40,gprocess.h,geos/gprocess.h
swh:1:cnt:000003f3d73ba3239590a8701acc935877ea0dc2,185c458a3fdf4a76c55343de7affb7f12f5ee851,15977,18,mavlink_msg_image_triggered.h,pixhawk/mavlink_msg_image_triggered.h
swh:1:cnt:000003f5702a4bc9555dd721d668218de5bf8dc7,ca83e8726a6ccfc74ef56a758db10078ad970fe7,76947,ca,in_mcast.c,netinet/in_mcast.c
swh:1:cnt:000003f6b6c491fd7c03d85084895c0426c57609,4ce3a27310cf2f97d7da6af0acbecfe726ba3e39,5234,4c,class_az_framework_1_1_font_draw_interface.html,azframework/class_az_framework_1_1_font_draw_interface.html
swh:1:cnt:000003fc30c737038d572f0f16a82e17c4e9c0ee,601001e4d1a404332c03449fbf03c86a944c172d,211,60,newest.data,newest.data
swh:1:cnt:00000401f761f05c8d106d5d0fed9abc22db6c49,5dd698bdca2a94246887090339c8ebeb5f38ac19,355,5d,headphone-Bulldog.b029a1e1.tag.json,tags/headphone-Bulldog.b029a1e1.tag.json
swh:1:cnt:000004025796e9b890c502d5b5c9be0a5eada50a,ca9d73404abc3e62fb42dda7f634efb8b4c82392,5002,ca,blas2_gemv_test.cpp,blas2/blas2_gemv_test.cpp
swh:1:cnt:0000040b44f08320affc68d091df9ff48d0c9af1,856832b7b383784c1fd43a248905b7b841d44a24,10089,85,README.md,getter/README.md
swh:1:cnt:0000040b57b58cdd70061b67cb8cea28ff6d89f7,9965660d99fb8f98813d73a1e76f96fe7a6cdab5,22847,99,Application.cc,Pedestal/Application.cc
swh:1:cnt:0000040ccba2b7f9b35471f1f38a6e762c00dd0c,ef77f2b3bcde5455c7e30798700fa2399f7b4f9d,67046,ef,wrtw8esh.cxx,ww8/wrtw8esh.cxx
swh:1:cnt:0000040ea8263f88206224c0fca917f9c2811a39,0f337bdfd42b016d852d73fc3bdb035146a8d679,1322,0f,NumericSettingValueForTesting.java,settings/NumericSettingValueForTesting.java
swh:1:cnt:0000040f59109acba8615fa172e0c18386c40427,717c5a58c25f22d167b648bf47209b7336b20478,953,71,cairo-0.12.3,dev-haskell/cairo-0.12.3
swh:1:cnt:0000040fc671d1504b526a7af146b2892f860b5e,a89312cb24c966df0a9b52be1891487cb4c1faa7,431,a8,oval_org.mitre.oval_obj_18306.xml,objects/oval_org.mitre.oval_obj_18306.xml
swh:1:cnt:000004114daa45239f2e75c6f8b30e001599a948,b997255fa763877f1c0b9471236aed6476989538,328,b9,libxcalibrate_git.bb,xorg-lib/libxcalibrate_git.bb
swh:1:cnt:00000412516621c54b7b533ba4b4eeaf07d38d13,7b6139a73aaec78ea0aa198bf8d4f3657d85e8d5,1446,7b,build.web.yml,workflows/build.web.yml
swh:1:cnt:00000416b7d13727577574aeb89674f7123f9546,662b0929a4b9b4b5b5b889b8cc300c4bca4259b8,1200,66,sorbs_new_spam.json,sorbs_new_spam.json
swh:1:cnt:000004175f063e29b4a8b42b27eda6748b401901,068fea58c35cb779da8454267cec64fac6ae39b2,205664,06,popups.txt,sections/popups.txt
swh:1:cnt:00000420e062a6937de2c36d228e44733c318cd6,e910abc84c05fdc41fb85c387faf341c9148a27f,978,e9,hangul_2418_Typo_MoonFlowerB_장.jpeg,hangul-images/hangul_2418_Typo_MoonFlowerB_장.jpeg
swh:1:cnt:0000042288f925f209b0fed0a1c42ea1315cdf71,8401989efca8563120c445dbfa28c78ce371a0d9,932,84,.project,gs-api/.project
swh:1:cnt:00000422a8bddfa6f942a679e12fb8d91b81837a,80c2265441ed1286afa1eeebf686b061361860a3,1090592,80,geodata-20200304-203001.json,archive/geodata-20200304-203001.json
swh:1:cnt:000004243e29113fcab22b8482d17a7ee86efea0,4fd7573f7dfd7f34231ebaca9562287f52e0b3c8,25643,4f,index.html,www/index.html
swh:1:cnt:00000427d5b622bf33c6b2046138a24c389121d8,dfed83f8118c3c53db4eca09dd0c01e248b5582e,115378,df,banner.jpg,gamecost/banner.jpg
swh:1:cnt:00000429495490a1a004fb8c1cf8aac85e377f8c,45d6900c7be798579a7d5a19825cc78cafbf4b97,3809,45,N00000330.xml,xml/N00000330.xml
swh:1:cnt:00000432a744e286b6646e3b1097b3e6d071f17e,4b68fd62e9def52dd870867d49c41df8958c56cf,4214,4b,index.html,kleiner-perkins-meeker-concerns-over-cloud-vendor-lockin-are-soaring/index.html
swh:1:cnt:000004384984fa8c16249f9dedae0aa98e641c84,031d11dc46df9e0e10d9f354d6cc1fe6e503f454,2846,03,index.yml,queues/index.yml
swh:1:cnt:0000043c33ce89252071122600ae47940b198296,299d6c52b03677ffeaccb7f108905473cc385c9b,139040,29,StudioApp.json,StudioApp.json
swh:1:cnt:0000043ddbcd92373aa9fca024f27f67b94aacb7,90c5d72dac5bf7ef00f08e3ec0c7203000388dfa,5817,90,OrderedCollectionInspectorView.st,OrderedCollectionInspectorView.st
swh:1:cnt:0000043ded5a6e0548acd647ea81a492fa942d80,04e0b5976d41266064a8840be3d6ca0553f4837d,3961,04,_f.html,opaque/_f.html
swh:1:cnt:00000445d889b4c011c17348b9f8c2b05ab2818c,dad78c116afb7d461b0b2277b241e0efedebdd38,141770,da,index.html,index.html
swh:1:cnt:0000044a27797e0ff2a078c642135d2d37c961b5,bab145756705b0355874956a6b3ba73939fdd83c,93648,ba,271650_48_0.ttf,webfonts/271650_48_0.ttf
swh:1:cnt:0000044cc77385e19039b3de5fc8f3b29d27f5f4,5ae70c07529d4c432e5850eaccbf2139f836f6c7,432,5a,30572_000000002c00a44b1c391843f0ea873ccae175f7a790025b00d71051a8663888,30572_000000002c00a44b1c391843f0ea873ccae175f7a790025b00d71051a8663888
swh:1:cnt:000004532ff7b6a543fbccda870058c5015dad19,bddf450012ca66d7d587bfc30f5db23653a7eebb,8959,bd,cases.create.ts,cases/cases.create.ts
swh:1:cnt:0000045697e05eddaae06501ca8760e5e19125d7,2b10e5f6a62c9270995c669a2f99a49bcd389302,26080,2b,full_tryserver_v8_v8_win_dbg.json,v8.expected/full_tryserver_v8_v8_win_dbg.json
swh:1:cnt:0000045a369a542d25f5f3f8698bf057e6dbf937,8d2252f7576f550769ae15ab767c4ae446deb1f0,45925,8d,zh_CN.po,real-po/zh_CN.po
swh:1:cnt:000004687ec022f2314e4913c25c58bea88f919a,8f5dd77bc9c9d48b526b096c0050775beb18c55b,115,8f,674.props,24/674.props
swh:1:cnt:0000046f97a5378a8694ac29a2022c93061ba5f7,d747230aba2bbbb73682d507bfe7a5ae6ba9df09,390,d7,index.md,index.md
swh:1:cnt:00000472ca5dcb263a71693858ce21eee055c35a,ec53cc7f61f0996ff450ec069ef96c1c5e434de7,7784,ec,index.html,阿草愛讀書/index.html
swh:1:cnt:0000047dc4a03152dfcbd85e15966ea26ee91002,ca2c28ff19ed1d0116222575e1c80cbe8136bb1f,13728,ca,reader.go,scanner/reader.go
swh:1:cnt:0000047ed9d5719c1f1219022a7d2ee2c0459ba3,e7e6b4acd3d9e1d979c00f6d39ab647d91a38bb7,4627,e7,actual_files.py,file_contents/actual_files.py
swh:1:cnt:00000481b80e7ae63bc82e0293d423484e39c390,93b8ba3082152e0c5c76bae6c37ca15cc805ab9f,1760442,93,rain-probe.xml,2018-12-22/14-51.xml
swh:1:cnt:0000048654e5878f9272e50addd273d1b33c8ee2,8a684031bd8482fa1bba29cbfadffcbbbe6100da,910,8a,GlowingObsidian.php,block/GlowingObsidian.php
swh:1:cnt:0000048a05cb798ce4f4aa6370786c88e2c1d9b7,a75ace7e66034ae35d5c81d9f62635231ea46116,9637,a7,hdinsight-use-mapreduce.md,hdinsight/hdinsight-use-mapreduce.md
swh:1:cnt:0000048a81bef7d9112b83823f66dfcef950e774,aadb83393fb9b9b47296d1dbb2d577a64e5b8ee5,354,aa,_config.yml,_config.yml
swh:1:cnt:0000048c08fbcbcb251b79b5eb4b43a0549b3b9f,d149b21eacfc45428caac28aaf67ed2e297a4573,38419,d1,index.html,机器学习——Validation/index.html
swh:1:cnt:000004901303fd16c716479b76a78ea0ef7ecf83,590ea464f8629f801f5b3620ac2f7a83bac0d44d,1104,59,RunErrorProducer.php,Loader/RunErrorProducer.php
swh:1:cnt:00000492030df656829a09c034992d830a8e6e75,01fa91c2c4c91daf58e60337b46c4177428dbebb,120,01,rules_dialog.jst.hamlc,clouds/rules_dialog.jst.hamlc
swh:1:cnt:000004927eaaed5c23fb46d03c348db82bd7af28,069a6a00f45bc036c875415cb83830a40aeb9b70,16624,06,attendance.component.ts,attendance - me -9-5-19-after-month-view-calendar/attendance.component.ts
swh:1:cnt:00000495899bb81564dd5be790e53fb9dd2e5d0c,4e133df154dd8eed88088fa5a9368c75af835936,2743,4e,search-percolate.html,5.1/search-percolate.html
swh:1:cnt:000004961505201d5b420cd76a8fc613f0c24a68,00acb76154a155baea8b45a8a892bb14969dee7e,7851,00,wagn.js.coffee,javascripts/wagn.js.coffee
swh:1:cnt:0000049c519948921bb8ffbb06b01fb6c08cf2fa,7af88ea8c9e58e20831dc9ba39f086d0a7f9d014,15505,7a,PickedObject.html,worldwind/PickedObject.html
swh:1:cnt:0000049d830f4df94523da3a86c96c9faebc95dd,2391b3ac19ffb94b4185248f5a5cd10fbe90a7af,75653,23,DownloadWithSources.cpp,shareaza/DownloadWithSources.cpp
swh:1:cnt:0000049dfe167f51d29acf64cecfbcf99c012380,7a081b65da5d45ad2f011585ff00fa34e036fa2a,17358,7a,v.all,z/v.all
swh:1:cnt:0000049e65fbdcea491e109f592dd8987466c90c,d747efc5ed6a8bdfc2cd25e5e7b198c9bbac3e75,3736,d7,00075002-em.akn.xml,emend/00075002-em.akn.xml
swh:1:cnt:000004a0c6e30d531f03fff1b6f72a35557ed262,93270659d48dc1f44f0e69db0724865979bbb6a3,1011,93,index.org,exporters/index.org
swh:1:cnt:000004a392e14e1a15e83c04e0cbb4a887d903a7,70a08899510a0c27ef6a5183ed6645dc1a110036,1060,70,decidueyemega.png,icons/decidueyemega.png
swh:1:cnt:000004a39d55ed54c7f7d4879ef8dc8925724274,982a0e70f12f2377476132296961915f7e106c02,2133,98,IjModuleTest.java,intellij/IjModuleTest.java
swh:1:cnt:000004a5cdb5ef2cfa4ca9bd074f6c49d5851195,89f1a84c01e93733fa6d8f2f223edb17957dd022,3000,89,transitionmngr_p_push.cpp,transitionmngr/transitionmngr_p_push.cpp
swh:1:cnt:000004a638e3b3a273ece0d08ebfabca2763ea1e,2c270f726f972036830f15e4279699bba48d5e99,1102,2c,MessageEvent.class,debug/MessageEvent.class
swh:1:cnt:000004a7adec5ca9e0f29c79954485821740038a,22a79977fbca4948c50c15c3262d43bb77b3461e,344994,22,main.js,dist/main.js
swh:1:cnt:000004ac0a626d0ed2d65f94308278005048e913,1b8120966a2605f749136b5d459fff8b0405c8ad,1188,1b,control.vp8,video_VideoDecodeAccelerator/control.vp8
swh:1:cnt:000004b3faef4aeb24d24db33a73ab28150192f0,84f907501ed16b109949af3c03a2bca104fc7116,3449,84,626882.json,626882.json
swh:1:cnt:000004b7726b6bdc28aaa1298d17f73b12cd26b8,4f02a6994293172c4c66114f0a368c73c7f67a65,2130,4f,stars.dat,gallery-css/stars.dat
swh:1:cnt:000004c148ede21c1e5eb301bc5a716e395a1f40,a91d64119be98d6b1f5ffbdc78191aa733bb0cc5,4329,a9,dc07986c0efac4745a2590439ccbc161,dc/dc07986c0efac4745a2590439ccbc161
swh:1:cnt:000004c5ec4da0e74aea66b4cf0385fe26d01e3e,a536f825795d4707bf271ea5b1e8570ecee24428,939942,a5,5MW_OC4Jckt_DLL_WTurb_WavesIrr_MGrowth.out,linux-intel/5MW_OC4Jckt_DLL_WTurb_WavesIrr_MGrowth.out
swh:1:cnt:000004cb083ad14f145c7094bd45cea084c25f06,2d8bce0912c24fecec9ec07115fc7d4c9078255c,8443,2d,proxy.txt,proxy.txt
swh:1:cnt:000004d71823e99905394c23d59fb6735dd6e6b3,e8267ba738a803d6237eed14b246a396cdba04d4,65632,e8,eswitch.c,core/eswitch.c
swh:1:cnt:000004daaadd2669eb779220a8d9753150bc9395,31a881540e440c87331dc2e57066027e9b637d8b,6060,31,GormUtils.groovy,tools/GormUtils.groovy
swh:1:cnt:000004e27204a9dd6f32265f3d7b234c7a3c0c55,87c182f72add7e9bf06ea2aee9d73b793423a28f,4445,87,featuredMaps.js,enhancers/featuredMaps.js
swh:1:cnt:000004eb8b300863774ce316fd6a3be554705bb5,6338ef9c0eccc49e46d0f56e83550448f8d9c750,442,63,loading.js,sidebar/loading.js
swh:1:cnt:000004ec20728de3aec659241528f0b3c9535f80,95ae16ae1e2d50754341f0e3484d525c530e786f,19450,95,cbf_predictor.c,src/cbf_predictor.c
swh:1:cnt:000004ed2ce33fe2f2d18fdc63cd940829ccaf0e,4728acdd5ebdd72fcae10fa4b4d31c303ceade7b,11243,47,ebl_atf_text_line.lark,domain/ebl_atf_text_line.lark
swh:1:cnt:000004ee17f93cbe97078195d6cc527cd5e6f88d,f2f06f1d6d30d2d5efd14769b58f6465d26e1b4c,14766,f2,StartThingRegistrationTaskResult.html,model/StartThingRegistrationTaskResult.html
swh:1:cnt:000004ef457300c5eb7575b1e35c0d3a0f0b976a,0b512fc076ce3ec465eb73d1754b0fe55d2aab5e,15088,0b,syllabus.html,syllabus.html
swh:1:cnt:000004ef668b0c92518b7e294daa941d557d9eea,6c2b6bc92b58336f474fc4b9fe8200f32bf95259,26641,6c,embed.c,src/embed.c
swh:1:cnt:000004f2db12606ce7f7975bb1b7b4f437723483,096355d363f33cc0e9c62b00a65f165aa0872908,1699,09,libyan-civil-war.md,17/libyan-civil-war.md
swh:1:cnt:000004f4f3f7ca8d6fcae2f5da3742c6de7863f7,6679361ddfbbe81011aef637b13821477ea2e980,216,66,temperature.json,temperature.json
swh:1:cnt:000004f7577fc8d000ca85b75ba30fe8aafb04d4,241d88aeedf17cafd9ef65eddeb2d5e5d9bcc7ce,3411,24,HONFontAllocator.m,Classes/HONFontAllocator.m
swh:1:cnt:000004f99cff16de54fea2579aba60111b8070a9,de665c9db3153f2f743f09cafd47078139e0bf26,3115,de,grdsample.txt,src/grdsample.txt
swh:1:cnt:000004fba3a156d9e3dbf6622ec64c83636c3816,00c26ba0d51d0f52cfc1901efce4fa605d131b0b,173,00,MD5-s6263968--891916407d6eba6c66d04b356dd4bfc7.log,cd4/MD5-s6263968--891916407d6eba6c66d04b356dd4bfc7.log
swh:1:cnt:00000508f3ec95297e3a17f0cdbf2305f51e7e5d,a9b5423d6ffbf87004cdd9172a3d8e9bbb41ab42,300,a9,branch2-served,cache/branch2-served
swh:1:cnt:0000050af14d725ef9ff2daa57efe8120f9c8f1f,349952ab7ee0637e929eeebc200ff83282460dff,59660,34,587703.json,2019-_Conservative_government/587703.json
swh:1:cnt:00000510b2de36fa860b9a74764169beb915e6d2,29022c6a96fec2368a5038c19f6f83284d7ef4a6,2309,29,models.py,tea/models.py
swh:1:cnt:00000510c2a0aa5243c94263c0064d659dde8860,763028c22383f9272500f6494aec761f642887a3,2445,76,cast_dialog.rst,en_US/cast_dialog.rst
swh:1:cnt:00000511ea279e8346f7b9e32762bf2b040753f9,c1779c13aa7d110d11198ed5213bd7bda4686e37,3435,c1,session.php,model/session.php
swh:1:cnt:00000515d46c69e3a010000a1002bb4dff15233a,76c15a12ac46e75e76b46f93386342342ef7deae,187,76,yyjf23,yyjf23
swh:1:cnt:0000051705806f8ed7a264bc0863035fc07a9249,16aa75692a98430fb9c91e20b51ba6f04272129e,640,16,cadvisor.service,init/cadvisor.service
swh:1:cnt:0000052682154e67d89210eb202ac62c4cccfb35,44edf2ba1670dad56ecb879cfad031b071846477,32,44,detect-engine-port_8c_a507de2742f366bbd647fc3165ba6933c_cgraph.md5,apis/detect-engine-port_8c_a507de2742f366bbd647fc3165ba6933c_cgraph.md5
swh:1:cnt:0000052deafdf218d949a31fee50627495108f76,9527654bd5dd9d9812915a097195d5a1135c8ac1,986,95,marquee.svg,extended/marquee.svg
swh:1:cnt:0000052dfe5952bc0253aec04fc8624055066a4b,2a4c3ea98a9014f979e98cbc1649f9b2d553daa5,38,2a,realwork.txt,realwork.txt
swh:1:cnt:00000535907bcabf631ad34f7beca58f3e0c3b1c,e6112f7f81357039e56e9f6f2fdeeafe2b8831d1,78059,e6,d7c02a0cb0e811e180c9123138016265_7.jpg,upload/d7c02a0cb0e811e180c9123138016265_7.jpg
swh:1:cnt:0000053b48801763ad0447235e78613665215cb8,0f17b5532bc8d98734e26f0f6a31e30432a6bb05,9720,0f,dnsseckeeper.hh,pdns/dnsseckeeper.hh
swh:1:cnt:000005435e02f2c5c703b58dca187108c90abb18,abd9bc2aeec27dffc8f5bf1ed8846275a913d72e,1324,ab,127596116563-01.json,orga/127596116563-01.json
swh:1:cnt:000005438ca32598a152e5554b2e12ac97734d1f,036c1aa8c8ab5c2bcb4d840416f6b48fb7e36f54,3594,03,ModifyProposalPermissionsAuthorizer.java,authorizer/ModifyProposalPermissionsAuthorizer.java
swh:1:cnt:00000543c7bab336aa5ba57e1c5dfc002c2aae8b,5b866f4e671eea1c82c7c99d2e97faa2fbf7d684,7259,5b,README.md,README.md
swh:1:cnt:00000545891026a26061acf35ac0eddf8296c58d,af71b84b505ce6780661330bffbe4a39226873ba,11425,af,new-operators.md,standard-library/new-operators.md
swh:1:cnt:00000546eee7fe63340797cdf7187c7c1d5391e6,b59df3e038b1a401f63a4e0c2db412389ae42708,126405,b5,glucose-raw-merge.json,monitor/glucose-raw-merge.json
swh:1:cnt:0000054b51378625455cacd3c6c2380454f3bf02,887df5663bb7bb2db544bf79e42be39255808ab9,138301,88,552719.json,2019-_Conservative_government/552719.json
swh:1:cnt:000005521f819df46e30c2e969ed103b11282812,a4b86fc4406a13ba7c520b2cf408cabbeb68bfa3,4529,a4,test_continuity.cpp,feeldiscr/test_continuity.cpp
swh:1:cnt:000005564b892f095e91819c529c1137166e4f8d,221bf089e491004dce340f1ae7debe59466d6e0c,228,22,3210.mvt,4254/3210.mvt
swh:1:cnt:0000055abe89b70e053a17ccf91503ff5ac05a47,831f3e1176338a43b286a8f144710077fd539eb1,6438,83,ajax.php,tests/ajax.php
swh:1:cnt:0000055d9aee218e09e1f9bcd6761ab8b0fd8711,6e9fa0a9e9f168433d8c2aa55809c13a6a3aefa9,87,6e,v-latest-base-f6aa1d-1137282590529556480,jupyter-web-app/v-latest-base-f6aa1d-1137282590529556480
swh:1:cnt:000005605ff799c04066585fe4e130a78324b697,d2f80414a05a346ffb2abf0639257452bac37319,14399,d2,persistence.properties,resources/persistence.properties
swh:1:cnt:00000567732f2d3ad49c227152e63629a0d350d4,c98584e66cc68f688d31ee9989d4cc20c6bf081a,12892,c9,m,m
swh:1:cnt:0000056ce637db51fb54b7ac57fa700aa52e8d04,25164d4401124ebddb1dc63f95f69c675440f354,2216,25,Craig_Fairbrass.html,people/Craig_Fairbrass.html
swh:1:cnt:000005733472619deb52893b1703ce26b5da71a0,c89ee4816a4b79b4623e5af4401956ea3d452211,25666,c8,index.html,wx-html/index.html
swh:1:cnt:00000574aad8b320d79a09dacf2e62c40651883e,211f71948278181a895559e8031f18cdbd2744e0,10517,21,P_Google_GData_Spreadsheets_WorksheetEntry_ColCount.htm,folder42/P_Google_GData_Spreadsheets_WorksheetEntry_ColCount.htm
swh:1:cnt:0000057d9553e3619599c79ab99d15a343f79aff,6b86185515216dbb517be57d4f71725a34f0e753,35786,6b,index.html,_header/index.html
swh:1:cnt:0000057edb98f22444361d80063c16433ceee565,7c05c2212c3c91ae219670eb5441f30e3f043f37,15435,7c,power-bi-custom-visuals-certified.md,powerbi-docs/power-bi-custom-visuals-certified.md
swh:1:cnt:0000057f9261fc12eabefc1fcc6cb9ea4b0af453,4ee766291ab5413cb5c40e8d3419322f8e873f0d,7644,4e,block_diagonal_lazy_tensor.py,lazy/block_diagonal_lazy_tensor.py
swh:1:cnt:0000058b310d3b3dd5c0ea8f9c38134bf1f861f0,8e2b634f230709217e4ebe01186222365db9c749,27310,8e,ndio.ramon.html,html/ndio.ramon.html
swh:1:cnt:0000058d264b76ace5b6f64a28df3ad8e6f151be,5909d3e6dbb98c895221ea3a5f92f63edd793040,628,59,fr_GN.txt,curr/fr_GN.txt
swh:1:cnt:0000058eda19725001cd0858ed8aaf09a1d88b5f,b6cb108ab087346c507907e465b75f2c128be813,686,b6,package.json,zent-alert/package.json
swh:1:cnt:00000592518a8b9ecf506e09899b07f9d8732ded,390ad847d105ccb2c898a3e314c5af74520f43b2,23,39,799635.txt,799635.txt
swh:1:cnt:00000596a93c7b1b77d7d70ddf812843d8c42ff2,68e63c386206bda4b9ae47613e3003e26cf1426f,308698,68,CMakeLists.txt,app/CMakeLists.txt
swh:1:cnt:000005973a84f7f26d1c716dff5e224b53fc28c5,de1490bfde1dd00669842bb52da1717bdb3020a7,9985,de,StatsStore.java,stats/StatsStore.java
swh:1:cnt:00000599e5515af4cca105cda334f6546b394efa,fba2b1767737d36eb9843253304445d621b0d127,2683,fb,Downloads.md,docs/Downloads.md
swh:1:cnt:0000059de4785776c600edf8f951ad22cf35f318,ca031f6f06981711ea226c16a9ad5b5f99d47bb9,1076,ca,Section_3660.html,38_es_herramienta-de-antecedentes-familiares/Section_3660.html
swh:1:cnt:0000059e87263679a57b6a919df8db2ef5a3e176,f76a350966acf10a3fcdeea730dd1bfb3d33107b,47460,f7,application_helper.rb,helpers/application_helper.rb
swh:1:cnt:0000059ebbb726560b0d0449e8789f9c7ce1435b,ea5fc3e1cb0e7e080afd1cfc1a8c8c73d5b49e07,2022,ea,how-to-programmatically-delete-appointments.md,vsto/how-to-programmatically-delete-appointments.md
swh:1:cnt:000005a2685adaf911105297abef0a5f1b134a26,1f423d0b18395c50223d0a3957ce90c004c821e3,23098,1f,3511926.btg.gz,e034s01/3511926.btg.gz
swh:1:cnt:000005acde8b398593c2473c2bd4643cd22b2223,e0daa7469c7decd252e0e0ba93e97208c7c058af,14995,e0,markGroupContributions.scala.html,group/markGroupContributions.scala.html
swh:1:cnt:000005b121e7acb713616924d85be34a1cf163b6,e9268c0e93542960d851eb044daec584fba003df,158,e9,L1.json,data/L1.json
swh:1:cnt:000005b1da38bf3268ff04519668e57e54c47e39,0fe3db03d7443b6499a9e6148875e3f928624fca,1263,0f,m,m
swh:1:cnt:000005b82a5c47aa3589d59e0f860bfe4df32e1c,732f9143b447d77e574a26d84cc0828fa118ce54,313256,73,function_namespaceat_1a6604d244cb963127e409b0da19ab020d.html,api/function_namespaceat_1a6604d244cb963127e409b0da19ab020d.html
swh:1:cnt:000005c42d051df82a0a299e21e65f79b9c7836c,22e476b247061e16eb4458069080f2658a48b2bc,3560,22,AbstractBeanType.java,type/AbstractBeanType.java
swh:1:cnt:000005c574a386163af9d78ff29774deb86d44ee,401d23378232b164f0f135d5cd5fb3cc25e834f8,432764,40,TermRef.html,Types$/TermRef.html
swh:1:cnt:000005c58f6fd5bd25805c0fb386a6a75353db40,bc7029d58f3e01f5b192756f7821a80e33abb0c9,60125,bc,evm.v,evm.v
swh:1:cnt:000005c69e8cebfbc0c61db7c9e4f5a95729cc66,cb6a3f551a4137cdc3c5024600807ec5668baeb9,2464,cb,intune_apps_managedandroidstoreapp_list.md,api/intune_apps_managedandroidstoreapp_list.md
swh:1:cnt:000005cc6d32485d69fc61480c6ff42ad8e6379d,c3ad61501293ae1779783824c65fac8739727624,3084,c3,index.js,mooc-footer/index.js
swh:1:cnt:000005d5dae04d5003543645d21715844d979bc2,3bc43124df428c142d9a61f678fe69eda28cc59c,505,3b,dialog_button_background_2.png,drawable-mdpi/dialog_button_background_2.png
swh:1:cnt:000005d64f608bc3a77fcdd1bc618ddc7887478b,4483ccc248581553efc73add67bfceb51148ee72,4433,44,table.js,rules_block/table.js
swh:1:cnt:000005d96b8dfb9e0ca6144fe7446d186574fac6,0bf00aa575cd821d3c8e22252179166693480733,131875,0b,324194.json,2019-_Conservative_government/324194.json
swh:1:cnt:000005da0159290288dd9f668a79b0afc3602257,fabcc0f4ae6b29c3f62b1c70e5d7ffee1058899d,116729,fa,persona-02.jpg,images/persona-02.jpg
swh:1:cnt:000005deb51c17f9cab63d5a16f89fe25defeb50,eef59ecd975e02448f95dcc3a86f73eda1dd0f88,16702,ee,permutations.html,topic/permutations.html
swh:1:cnt:000005e2a3b58bef2491236d3209409b45472304,162fd91ca7cca98ccf44081c93f0a28c74de05ad,29811,16,Main.js,viewmodels/Main.js
swh:1:cnt:000005ee4a777919515dc0a01ccd161ec1e4f32d,7a469fc6512abb776e73114dc2882f8e78b5aa83,2992,7a,pycountry-1.14,dev-python/pycountry-1.14
swh:1:cnt:000005f41dbcc635986e46240a976ebfb0ca58cd,fee7dec4404fc4c5321a24c5c7673210fd8c68b1,4008,fe,index.html.haml,candidates/index.html.haml
swh:1:cnt:000005fe976892564a05c7807b0c021c9c218088,a3fc199cbded8d16e55e75b316a86f1e675cb2b4,1024,a3,lkHeartbeat,lkHeartbeat
swh:1:cnt:000005ffba05d31fd7ec23a03dab216c3a8f7e9a,6f03cc339ef639412791b448f9b0e8dbf60030ce,128539,6f,Privacy Policy.html,Tumblr/Privacy Policy.html
swh:1:cnt:000006030458fcf2a115b042f485ba371c264c8a,0c55f238a21f57377c59b82c477e74a0dcfd2d16,5153,0c,ID.605953.stable.out,Tests/ID.605953.stable.out
swh:1:cnt:00000604cf63dca0aaf0dcc7fbce95b114ad3caa,392418c23bf360b5148576adbd995d1e30a46fde,10288,39,mdksxm-skachat-torrent-shef-24.html,mdksxm-skachat-torrent-shef-24.html
swh:1:cnt:00000605f8c0350843bd5ee9f39ddbdc8482ea4d,020a4d1eedc04a41d5ca7101af86a0782f4b9520,3910,02,m,m
swh:1:cnt:00000616c498e9889bdfa1530f8b6f23bbe3ab99,3854ef44249c267a2cc2d196bf05678312608384,4285,38,SMDS_DataMapNodeOfDataMapOfIntegerMeshElement.hxx,SMDS/SMDS_DataMapNodeOfDataMapOfIntegerMeshElement.hxx
swh:1:cnt:00000617b980c9001250377fd8370a4ae564f98d,bc030144b0960e5aad656126567a5a48ee275527,6058,bc,kansas.geojson,networks/kansas.geojson
swh:1:cnt:0000061e39de77445f10fb21b12f9065ae89b0ab,46bc9f37a65da9ad9a41e7d1f01516cfc7a40e68,12133,46,netstat.1,netstat/netstat.1
swh:1:cnt:0000061f224ea1b79a010596035916891ee4cea6,9c0245c561e67d92a6b54aa2981e6692f5ed05a6,1872,9c,pointDisplacement,0.orig/pointDisplacement
swh:1:cnt:0000062ae2e54e20225b9f35e409637f76dc817e,0cae8c6f9e9b445d1c0a2d47a33f4fcb22bcd83f,16595,0c,allgemein.csv,ts/allgemein.csv
swh:1:cnt:0000062df6ca6df45d58e30ec47499de39daf086,d8704b497d8939a30f00372ea2a2e20bf2dad4a3,35220,d8,2008-01-29-methods-for-analyzing-limiting-and-enhancing-access-to-an-internet-api-web-service-and-data.markdown,_patents/2008-01-29-methods-for-analyzing-limiting-and-enhancing-access-to-an-internet-api-web-service-and-data.markdown
swh:1:cnt:000006334cd6314c8a931d9dfbec3f897f73880e,3741d570bc3afe8f6be1b1847ae83d25006b3b35,36026,37,elm_priv.h,elementary/elm_priv.h
swh:1:cnt:0000063dacef93f2b20fbbafacb41c73b67ffc39,99a6c7449c0321ec24c025e9c59c438d6809d9d8,244,99,CS.D.MXNJPY.TODAY.IP_streamdata.json,CS.D.MXNJPY.TODAY.IP/CS.D.MXNJPY.TODAY.IP_streamdata.json
swh:1:cnt:0000063e6647eaac27f4773c8e0c2f59a1aee346,16e6d895e2102515d8092d10578044ab1e7477bf,8577,16,Lit_Texture.mat,1201_Lit_Features/Lit_Texture.mat
swh:1:cnt:0000064121a2c756aed8e42f37b97ce0148bd963,b0cb4c7d585f80210e133b6cdb2c37f20916c6ae,1010,b0,HeartActivityResponse.java,model/HeartActivityResponse.java
swh:1:cnt:0000064cab229e7552164ba74efeadf3a8e91fd9,85d62cf9ebe87da877302d548ad42968d0743223,144,85,UTVAction.m3u8,Dynamics/UTVAction.m3u8
swh:1:cnt:000006548f603a5eab8434365112e60e734b63ce,804e716bdb69e0eeecf1b9ae9b6c5db67aeabdc2,5494,80,EresseaSpecificStuff.java,gamebinding/EresseaSpecificStuff.java
swh:1:cnt:000006568536e061e1cc9c27382a344917a50365,dbe588cf683df92061558101f36fabc72d019122,74980,db,libRScpp.so,lib/libRScpp.so
swh:1:cnt:0000065819c3d970da2fe85db6c53165891a6267,2cea3994128d51352eabe090d8f8e567872ae080,2467,2c,ProfileDataFetcher.java,profile/ProfileDataFetcher.java
swh:1:cnt:0000065855d382bdc586e37db9f5cf869b258cb6,b1103406b787f5fdbe9d1dd8fe5d624f58357722,2015,b1,RegisterApplicationMapper.java,doctor/RegisterApplicationMapper.java
swh:1:cnt:0000065c1502da32720f5aba64054ba341b9e3af,edec2e65e74238b1f039536a403dda9ba7d82222,1764,ed,Directory.build.props,src/Directory.build.props
swh:1:cnt:0000065eec27d824c643f125926908fdb71d8d49,f63ccadd2ac190783f70a17307345bf8ba59557f,7,f6,217839.txt,numbers/217839.txt
swh:1:cnt:000006604783a0383970e67784e4bda4e305f8ae,ec5a3b873ebc23e1014cec9ad8cdc963b6347a8d,3789,ec,web_submissions.py,tests/web_submissions.py
swh:1:cnt:00000664f619cc29acf652c2b5386d6e7c0e95b4,a9534ddd6ba1d4dec1cc3b00e6aac70e2f36a56d,18322,a9,hphosts_fsa_comparison.json,hphosts_fsa_comparison.json
swh:1:cnt:0000066ba6c5f9c3a2d853587db50b5521ea600e,ea5cfa8f9686544250f82f4314eea4e26f9beec6,2427,ea,54700.xml,HGV55/54700.xml
swh:1:cnt:00000670c3eaff20038041a5d8b71fbd4ae025e4,f9aab8e83381f1b4f48dbc07f048af85cad5b049,72153,f9,cnames_active.js,cnames_active.js
swh:1:cnt:0000067841f2c3c5f5121a688d1a587f6cd729a2,365c4c7c98869def06698c467a2f3e32555fcc51,12095,36,SendingBuffer.html,multicasting/SendingBuffer.html
swh:1:cnt:0000067b4e1a134786f13273bdb5c9b2a593946c,f086aebd0feab0158da2e2242894904b701c5262,6844,f0,Menu_Highlited-01.png.meta,MainMenu_Assets/Menu_Highlited-01.png.meta
swh:1:cnt:0000068315afe1798f2b24fdd14a071309b830d1,6b9e1f8eba55be736a6b7de37e2723fe28062c06,8382,6b,SupplierAuditService.java,sms/SupplierAuditService.java
swh:1:cnt:00000685401134ddbe75bb5f71f0cae73be07d7a,2751b455178a27e856ceea76a84490d32d96ba9f,15784,27,index.html,mac-atom/index.html
swh:1:cnt:0000068969409909d517e2178a8239eff281c636,24988f0b2b6ed3b7318a785699b5e6db3891ec40,1099,24,index.js,cli-plugin-pwa/index.js
swh:1:cnt:0000068a969d1c19ca9fe34eea9b7ae340cddbcc,878f21881a610c8267a8aa3f1cec034ca2d712c7,2871,87,fragment_screen6feedback.xml,layout/fragment_screen6feedback.xml
swh:1:cnt:0000068c034443aa469728d383dc515537746705,da8ebb4d6e61cfdabcc6d9d0177bd2b9221c98ae,10967,da,client.cc,obfs3/client.cc
swh:1:cnt:0000068e02eb05ca2b65be5be50f34c15df10896,c8260382c5629f174f907535f61d5534b565fd67,129,c8,1884-04-28b.sgf,professional_games/1884-04-28b.sgf
swh:1:cnt:0000069203dbd9cd226d90bc13869b6bb68da329,85c69428d59fc71ed0be2106ccf70bd9fd83aa60,17158,85,jquery.uniform.js,plugins/jquery.uniform.js
swh:1:cnt:000006a03ab8c9f12a979a0cc7cda349920a17cd,147f54870b4c345266997727dd0b8b86fe7434ff,29,14,0922b828c57165cc8f57ac5b2f22.props,8a/0922b828c57165cc8f57ac5b2f22.props
swh:1:cnt:000006a353651eaec054acd47935453e011586af,82e21381fd3702f8001f49e2228b6c091ce19774,785,82,latest,geoclue/latest
swh:1:cnt:000006a80661c4ae35ae2066f20922c087dfa647,5071d88ea1cb64f85e281716e695d3023d8b394c,3520,50,koapp.cpp,korganizer/koapp.cpp
swh:1:cnt:000006a966de138edda10fdc79a55f615fa6ec9d,d6a5dac6189c68e6523c32a8542eac0b7fc98e79,24668,d6,index3.html,index3.html
swh:1:cnt:000006a98701792b8b60fb8cb101e9446ae2014a,a019ea20d6c19238e85c23ca09a351641c5f48ab,320842,a0,RReverser.json,dump/RReverser.json
swh:1:cnt:000006b439415075418bbb57967c23da276cd345,876637319ffea9c8a00e6d11b1d04a4ebb3e6984,1999,87,00060895.json,projects/00060895.json
swh:1:cnt:000006b5b21783e6e30dced09a0536226d52e83d,ae7558fb93be16b1205f0e718290cccf69af388b,15485,ae,main.cpp,src/main.cpp
swh:1:cnt:000006b6f3082e8a761b30392e56b9c677199e85,e690f715b040691cb4d987ebf0dc3593de1604a7,4035,e6,19703.json,spells/19703.json
swh:1:cnt:000006b937c5c592dfc723daddf41c3e8fb4d7dd,3bbc817f45911af7bf2ca5530f2ecbb3db0c6570,6903,3b,tutorial-step4.md,get-started/tutorial-step4.md
swh:1:cnt:000006bbcec16b43773afb9caac756a3195a7db3,47d0f9ab92d2086aec26e2817fb33df92a9e69bb,7264,47,new-intake.xlsx,hospitalized/new-intake.xlsx
swh:1:cnt:000006c0f65bb6f8b97db0c266c0240f2ab37d6a,dc88a967aa5c241c377bd1c49f7ad0934838d899,3363,dc,DeleteRouteBehavior.cs,Depiction.Behavior.Addin.DeleteRouteBehavior/DeleteRouteBehavior.cs
swh:1:cnt:000006c26fbe2ced18a5542f4d11cf49d970e5b8,f6e4054fcca1adb7a9c435e642b09b3d25b9deaa,1259,f6,GLMRoassal3Presentation.class.st,Roassal3-Inspector/GLMRoassal3Presentation.class.st
swh:1:cnt:000006c733e3ccdffa3b300982cfc327032c25e2,90be30d42b685e322ece45eae33ecc6afbe4a7e1,26622,90,namespace_spec.rb,models/namespace_spec.rb
swh:1:cnt:000006c78535884914d065eefc25ac6b136b8591,6c94663e424a650d2d19c0be8f290c6c48deb95e,10254,6c,SchedJoulesCalendarAccess.java,schedjoules/SchedJoulesCalendarAccess.java
swh:1:cnt:000006cfe4efa25cbf7273a68cf337860ebda6a9,18157119d25fedef90f9383c627a36e4d5bf8fc5,660,18,.travis.yml,.travis.yml
swh:1:cnt:000006d42ae2ee18ebfbd9a8527244324e2a12a6,8477dae44208e641019540687f3a3836ea07845d,544,84,product_remains_1481.json,anna/product_remains_1481.json
swh:1:cnt:000006dbe85038c5cad7a43071d9ec2cc21c2687,ccf230e804dca3f3e032d59a829dee8eb4d89671,6176,cc,C_CASHLINE.xml,tables/C_CASHLINE.xml
swh:1:cnt:000006dfc81ee58c46735953eefacca8abd8aba9,3e978f6972b0dd669114762cdbff80f2ae3aa88e,43239,3e,globals.inc.php,library/globals.inc.php
swh:1:cnt:000006e8abc09fbc47cbccae8e728ffdbbca3953,af6f060a4e7c757edd118a54aa1b3dd7d516ebc9,225060,af,bmtnaac_1933-11_01_0024.alto.xml,alto/bmtnaac_1933-11_01_0024.alto.xml
swh:1:cnt:000006eb55060ad2da31748f8d87e5bc720c08ec,fee0c7cb7ae53b2856cc42df5a7cedfdaef60b1c,19482,fe,glfwMain.cpp,app-AR-Demo/glfwMain.cpp
swh:1:cnt:000006ec44c7a44c861858c150ddaf33e1c00f21,245364fdddc28f401749483a1699e02cc7bc9b3b,3534,24,Lander.aspx,AjaxControl/Lander.aspx
swh:1:cnt:000006f4883056e641a319049385febd4f85c5fb,3222235b746364c1f8c2f443058838fa4760f344,5011,32,V1_195__.sql,migration/V1_195__.sql
swh:1:cnt:000006f6541f0d54d4d323dc0ad1e13c3eedfd77,e07e4b5b3e5f9053b6eb07a9bd5904935c771305,21738,e0,strings.xml,values-ms-rMY/strings.xml
swh:1:cnt:000006f801d758fc8e47758e3044c2d517d41bd9,4ad8eba3e803c435f45945405ca1e691c3c1c9c9,25,4a,4105262.txt,CNN/4105262.txt
swh:1:cnt:000006fd163ac9d77d433cafe218cca2b74827c5,9b4b96b2ba82d1f8c52fcf9c3bfe03028aeea3b1,22510,9b,07,2035/07
swh:1:cnt:000007069305087be45828d0eeb108930c038c6a,5d6d45cbab7a56b74d1d574c2af47c2d687fb23b,819,5d,be_visitor_interface_fwd.h,be_include/be_visitor_interface_fwd.h
swh:1:cnt:0000070779cbf0ccc1ecf39a28c7556b5dc2a440,8c5d61940288232fbf1ad10849f73acd4f1df3e1,6328,8c,game.py,swervin_mervin/game.py
swh:1:cnt:0000070f2647d0a29ef6750452d00a88711aa502,b214128d3800265677426f1b46e93b19bcdc0ad7,617,b2,openform2.xml,htmlcode/openform2.xml
swh:1:cnt:00000714ada413c981b86c3935f5f91c91a68f65,b9c98eb0b0557a2eb52b556ed293223acaae04bc,941,b9,body,"getMachineDumpFile(String,long,String)/body"
swh:1:cnt:00000714c8c4e17e4d6ec20f6c4a21cb48b6a187,adcfa0bd90040e78ce1a1e40cc10b46c56cd0a22,3992,ad,project.js,dashboard/project.js
swh:1:cnt:000007162f43c56b22b1dd573f6cc587adf7c0da,42a46497c12f6eacd5cf5d30ed8bef43c9c3c45f,14030,42,index.html,gnu-linux-dns/index.html
swh:1:cnt:00000718f7b38e444747b678eaa6443fa70b82ec,d11e70cb7669f927963ac5ba217c488f75aae942,37241,d1,index.html,도착/index.html
swh:1:cnt:00000723615a373867fbbf992f74f5e79e5fc5d5,b5b0295186539b04b848b9d376a426672f231348,2634,b5,pom.xml,snapshot/pom.xml
swh:1:cnt:00000723f6aa114afeba5b678c272010d1eb8bcf,cfd342aa4e5d057fd0f3d76a4420c846fe181a81,16349,cf,Makefile,Makefile
swh:1:cnt:00000724a3ce673fc8697da28b2169ad0cc956fc,c52864d3b90bbcc27ec66894288141ec48050a0a,6756152,c5,textlog.dat,textlog.dat
swh:1:cnt:00000730a296e3d48d16ab0055b904d63a00b08a,4bc90e2b594f6b90f18a3f622a13ba0454dfc70c,4960395,4b,MainChecker.km,km/MainChecker.km
swh:1:cnt:00000739059dd56512801240d55951e7b7d2322e,88f09e4c6dd50d922eece2a1616567d861b092d7,956,88,CheckedByteShortConsumer.java,function/CheckedByteShortConsumer.java
swh:1:cnt:0000073d16733245b13faa45bbd76b0a9a4ad152,7ed892aaf7179f405631044c2c871591b00d4473,36,7e,decoy.php,decoy.php
swh:1:cnt:00000744babef9c8772be82ded49c1ab553faff5,3b3ddbd91be14816a1b891694bd193efd4679bcf,179,3b,latest,subversion-locale-it/latest
swh:1:cnt:00000744f0e9902314b86f726ebdf0d662db40e7,aefd21591ef79ccf6ec239efee386328ed93bae4,243,ae,ec95d638ff902f02713b0ca65cce9405672bc1,da/ec95d638ff902f02713b0ca65cce9405672bc1
swh:1:cnt:0000074c4569f23f98210f4ac3e77d183ac5d80f,c7a9fbf69d030a438c6adbed046d656f5dcdd232,7163,c7,6d1df6d93aaad36d30ab67b9bb9459eb,Jul/6d1df6d93aaad36d30ab67b9bb9459eb
swh:1:cnt:0000074e88a530615ba36b21b6534bc75a8ccc7f,8d089e8b77500a65cc26d9d938872f2542be36ab,12896,8d,Response.java,Response.java